Alexa Rank,Brand check,Brand count,Domain,Domain length,Keyword count,Known TLD,Label,Num Subdomains,Other word count,Path,Path length,Protocol,Random domain,Random word count,Raw word count,Similar brand count,Similar keyword count,Subdomain,Subdomain length,URL Length
1,1,0,www.liquidgeneration.com,1,0,1,0,0,0,/,0,http,1,0,0,0,0,www,0,0
1,1,0,www.onlineanime.org,1,0,1,0,0,0,/,0,http,1,2,0,0,0,www,0,0
1,1,0,www.ceres.dti.ne.jp,1,0,0,0,1,0,/~nekoi/senno/senfirst.html,1,http,1,1,1,0,0,www.ceres,0,0
1,1,0,www.galeon.com,2,1,1,0,0,0,/kmh/,2,http,1,1,1,0,0,www,0,0
1,1,0,www.fanworkrecs.com,1,1,1,0,0,0,/,0,http,1,1,0,0,0,www,0,0
1,1,0,www.animehouse.com,1,1,1,0,0,0,/,0,http,1,1,0,0,0,www,0,0
1,1,1,www2.117.ne.jp,2,1,0,0,1,0,/~mb1996ax/enadc.html,1,http,1,1,1,0,0,www2,0,0
1,1,1,archive.rhps.org,2,1,1,0,0,0,/fritters/yui/index.html,1,http,1,1,1,0,0,archive,0,0
1,1,1,www.freecartoonsex.com,1,1,1,0,0,0,/,0,http,1,1,0,0,0,www,0,0
1,1,1,www.cutepet.org,2,1,1,0,0,0,/,0,http,1,1,0,0,0,www,0,0
1,1,1,www.taremeparadise.com,1,1,1,0,0,0,/,0,http,1,1,0,0,0,www,0,0
1,1,1,www.internetdump.com,1,1,1,0,0,0,/users/pornographite/index1.html,1,http,1,1,1,0,0,www,0,2
1,1,1,darkkaminari.net,2,1,1,0,0,0,,0,http,1,1,0,0,0,,0,0
1,1,1,www.iei.net,2,1,1,0,0,0,/~bkos1/velneko.htm,1,http,1,1,1,0,0,www,0,0
1,1,1,www9.kinghost.com,1,1,1,0,0,0,/fetish/hentaibee/,1,http,1,1,1,0,0,www9,0,0
1,1,1,www.jasonmeador.com,1,1,1,0,0,0,/,0,http,1,1,0,0,0,www,0,0
1,1,1,www.geocities.com,1,1,1,0,0,0,/kaseychan17/index.html,1,http,1,1,1,0,0,www,0,0
1,1,1,www.angelfire.com,1,1,1,0,0,0,/journal/coldlemonade/index.html,1,http,1,1,1,0,0,www,0,2
1,1,1,e.webring.com,2,1,1,0,0,0,/hub,2,http,1,1,1,0,0,e,0,2
1,1,1,www.nemurokinenkan.net,1,1,1,0,0,0,,0,http,1,1,0,0,0,www,0,0
1,1,1,j-heaven.tripod.com,1,1,1,0,0,0,/library.htm,2,http,1,1,1,0,0,j-heaven,0,0
1,1,1,www.angelfire.com,1,1,1,0,0,0,/poetry/nicolesstories/,1,http,1,1,1,0,0,www,0,0
1,1,1,thesheeparecoming.tripod.com,1,1,1,0,0,0,/papercrane/,2,http,1,1,1,0,0,thesheeparecoming,1,0
1,1,1,www.geocities.com,1,1,1,0,0,0,/eddie_monsoon2002/,1,http,1,1,1,0,0,www,0,0
1,1,1,www.shokushu.com,2,1,1,0,0,0,/,0,http,1,1,0,0,0,www,0,0
1,1,1,www.geocities.com,1,1,1,0,0,0,/timessquare/arcade/7810/p_hgames.htm,1,http,1,1,1,0,0,www,0,2
1,1,1,www.hentaisocialclub.com,1,1,1,0,0,0,/ganguro/index.html,1,http,1,1,1,0,0,www,0,0
1,1,1,ryogamasaki.netfirms.com,1,1,1,0,0,0,/,0,http,1,1,0,0,0,ryogamasaki,2,0
1,1,1,members.tripod.com,1,1,1,0,0,0,/~chaz16/3.html,1,http,1,1,1,0,0,members,0,0
1,1,1,www.hentai-comics.com,1,1,1,0,0,0,/,0,http,1,1,1,0,0,www,0,0
1,1,1,www.jastusa.com,2,1,1,0,0,0,/,0,http,1,1,0,0,0,www,0,0
1,1,1,www.peachprincess.com,1,1,1,0,0,0,/,0,http,1,1,0,0,0,www,0,0
1,1,1,www.g-collections.com,1,1,1,0,0,0,,0,http,1,1,1,0,0,www,0,0
1,1,1,www.hentai-games.com,1,1,1,0,0,0,/,0,http,1,1,1,0,0,www,0,0
1,1,1,www.canadahentai.com,1,1,1,0,0,0,,0,http,1,1,0,0,0,www,0,0
1,1,1,www.hirameki-int.com,1,1,1,0,0,0,,0,http,1,1,1,0,0,www,0,0
1,1,1,www.himeyashop.com,1,1,1,0,0,0,/,0,http,1,1,0,0,0,www,0,0
1,1,1,www.jlist.com,2,1,1,0,0,0,/,0,http,1,1,0,0,0,www,0,0
1,1,1,www.clubspooey.com,1,1,1,0,0,0,/spooey/,2,http,1,1,1,0,0,www,0,0
1,1,1,www.hentaigamer.com,1,1,1,0,0,0,,0,http,1,1,0,0,0,www,0,0
1,1,1,www.pcrdist.com,2,1,1,0,0,0,,0,http,1,1,0,0,0,www,0,0
1,1,1,www.densetsu.com,2,1,1,0,0,0,/,0,http,1,1,0,0,0,www,0,0
1,1,1,www.animetric.com,1,1,1,0,0,0,/bgames.html,2,http,1,1,1,0,0,www,0,0
1,1,1,www.jmate.com,2,1,1,0,0,0,/home.html,2,http,1,1,1,0,0,www,0,0
1,1,1,www.three-musketeers.net,1,1,1,0,0,0,/mike/animeopinions.html,1,http,1,1,1,0,0,www,0,2
1,1,1,engbishoujo.tripod.com,1,1,1,0,0,0,,0,http,1,1,0,0,0,engbishoujo,2,0
1,1,1,www.somethingawful.com,1,1,1,0,0,0,/hentai/,2,http,1,1,1,0,0,www,0,0
1,1,1,www.geocities.com,1,1,1,0,0,0,/aetus_kane/reviews.html,1,http,1,1,1,0,0,www,0,0
1,1,1,www.hentaigameszone.com,1,1,1,0,0,0,,0,http,1,1,0,0,0,www,0,0
1,1,1,www.hentaineko.com,1,1,1,0,0,0,/html_peekv/peek_vgames.shtml,1,http,1,1,1,0,0,www,0,2
1,1,1,www.asahi-net.or.jp,1,1,0,0,1,0,/~uz9y-ab/yaoicomic.htm,1,http,1,1,1,0,0,www,0,0
1,1,1,www.geocities.com,1,1,1,0,0,0,/tokyo/villa/9953/yaoimain.html,1,http,1,1,1,0,0,www,0,2
1,1,1,www.commonastherain.com,1,1,1,0,0,0,/eros.html,2,http,1,1,1,0,0,www,0,0
1,1,1,www.angelfire.com,1,1,1,0,0,0,/anime3/hoshinokaze/,1,http,1,1,1,0,0,www,0,0
1,1,1,www.discarnate.com,1,1,1,0,0,0,/boysnextdoor/,2,http,1,1,1,0,0,www,0,0
1,1,1,www.geocities.com,1,1,1,0,0,0,/spirestudio/index.htm,1,http,1,1,1,0,0,www,0,0
1,1,1,www.angelfire.com,1,1,1,0,0,0,/me3/mandaplay/index.html,1,http,1,1,1,0,0,www,0,0
1,1,1,www.geocities.com,1,1,1,0,0,0,/tokyo/courtyard/9155/carosmen.htm,1,http,1,1,1,0,0,www,0,2
1,1,1,members.tripod.com,1,1,1,0,0,0,/~cheekokr/enter.html,1,http,1,1,1,0,0,members,0,0
1,1,1,www.aoihayashi.com,1,1,1,0,0,0,/,0,http,1,1,0,0,0,www,0,0
1,1,1,www.geocities.com,1,1,1,0,0,0,/shinji_is_my_man/,1,http,1,1,1,0,0,www,0,0
1,1,1,www.cruelangel.net,1,1,1,0,0,0,/divinitas/,2,http,1,1,1,0,0,www,0,0
1,1,1,death_of_ase.tripod.com,1,1,1,0,0,0,/dt/twisteddesire.html,1,http,1,1,1,0,0,death_of_ase,2,0
1,1,1,www.orchidveil.net,1,1,1,0,0,0,/trapdoor/,2,http,1,1,1,0,0,www,0,0
1,1,1,www.geocities.com,1,1,1,0,0,0,/roryheadmav/main.html,1,http,1,1,1,0,0,www,0,0
1,1,1,www.angelfire.com,1,1,1,0,0,0,/anime4/wildefyre/,1,http,1,1,1,0,0,www,0,0
1,1,1,www.yaoiluvr.net,2,1,1,0,0,0,,0,http,1,1,0,0,0,www,0,0
1,1,1,www.angelfire.com,1,1,1,0,0,0,/goth2/azrael/,2,http,1,1,1,0,0,www,0,0
1,1,1,m.webring.com,2,1,1,0,0,0,/hub,2,http,1,1,1,0,0,m,0,0
1,1,1,onami.free.fr,2,1,0,0,0,0,/,0,http,1,1,0,0,0,onami,0,0
1,1,1,www.geocities.com,1,1,1,0,0,0,/obsidianblaze/,1,http,1,1,1,0,0,www,0,0
1,1,1,p080.ezboard.com,2,1,1,0,0,0,/badragonballyaoirpg,1,http,1,1,1,0,0,p080,0,0
1,1,1,www.pureyaoi.org,2,1,1,0,0,0,/,0,http,1,1,0,0,0,www,0,0
1,1,1,www.gaytoon-japan.com,1,1,1,0,0,0,,0,http,1,1,1,0,0,www,0,0
1,1,1,www.clubclassic.net,1,1,1,0,0,0,/yaoi.html,2,http,1,1,1,0,0,www,0,0
1,1,1,www.geocities.com,1,1,1,0,0,0,/apple_toh/index.html,1,http,1,1,1,0,0,www,0,0
1,1,1,www.gongaga.com,2,1,1,0,0,0,/,0,http,1,1,0,0,0,www,0,0
1,1,1,www.angelfire.com,1,1,1,0,0,0,/goth/doujinshi_rapture/,1,http,1,1,1,0,0,www,0,0
1,1,1,geocities.com,2,1,1,0,0,0,/plugplaymanga/,1,http,1,1,0,0,0,,0,0
1,1,1,www.kinu-sekigushi.com,1,1,1,0,0,0,/,0,http,1,1,1,0,0,www,0,0
1,1,1,www.geocities.com,1,1,1,0,0,0,/can_it_be_sin/index_2.html,1,http,1,1,1,0,0,www,0,0
1,1,1,community.livejournal.com,1,1,1,0,0,0,/jrockyaoi/,2,http,1,1,1,0,0,community,0,0
1,1,1,arachnoid.reverie-noire.com,1,1,1,0,0,0,/,0,http,1,1,1,0,0,arachnoid,0,0
1,1,1,totchi.tripod.com,1,1,1,0,0,0,/,0,http,1,1,0,0,0,totchi,0,0
1,1,1,home.arcor.de,2,1,1,0,0,0,/jrock-yaoi/index2.htm,1,http,1,1,1,0,0,home,0,0
1,1,1,www.dtwins.co.uk,2,1,0,0,1,0,/jfic/efiction30/index.php,1,http,1,1,1,0,0,www,0,0
1,1,1,members.tripod.com,1,1,1,0,0,0,/starchan/,2,http,1,1,1,0,0,members,0,0
1,1,1,www.geocities.com,1,1,1,0,0,0,/hushie_hush/,2,http,1,1,1,0,0,www,0,0
1,1,1,www.cursedmoons.com,1,1,1,0,0,0,/,0,http,1,1,0,0,0,www,0,0
1,1,1,www.worldshaking.net,1,1,1,0,0,0,/,0,http,1,1,0,0,0,www,0,0
1,1,1,www.shoujoai.com,2,1,1,0,0,0,/,0,http,1,1,0,0,0,www,0,0
1,1,1,www.angelfire.com,1,1,1,0,0,0,/anime2/yurifics/index.html,1,http,1,1,1,0,0,www,0,0
1,1,1,groups.yahoo.com,2,1,1,0,0,0,/group/lilypetalsandfallendewdrops/,1,http,1,1,1,0,0,groups,0,2
1,1,1,www.privateholes.com,1,1,1,0,0,0,/anime/anime-sex/index6.html,1,http,1,1,1,0,0,www,0,2
1,1,1,www.privateholes.com,1,1,1,0,0,0,/anime/anime-asia/index6.html,1,http,1,1,1,0,0,www,0,2
1,1,1,www.anime-hentai-cartoons.com,1,1,1,0,0,0,/,0,http,1,1,1,0,0,www,0,0
1,1,1,idd00788.eresmas.net,1,1,1,0,0,0,/,0,http,1,1,0,0,0,idd00788,0,0
1,1,1,www.applicot.com,2,1,1,0,0,0,/,0,http,1,1,0,0,0,www,0,0
1,1,1,adultcompass.com,2,1,1,0,0,0,/avs/0/1/acw/index.html,1,http,1,1,1,0,0,,0,0
1,1,1,www.adult-anime-hentai.com,1,1,1,0,0,0,/,0,http,1,1,1,0,0,www,0,0
1,1,1,www.emuck.com:3000,1,1,1,0,0,0,/archive/egan.html,1,http,1,1,1,0,0,www,0,0
1,1,1,danoday.com,2,1,1,0,0,0,/summit.shtml,2,http,1,1,1,0,0,,0,0
1,1,1,groups.yahoo.com,2,1,1,0,0,0,/group/voice_actor_appreciation/links/events_and_appearanc_000985383761/,1,http,1,1,1,0,0,groups,0,1
1,1,1,voice-international.com,1,1,1,0,0,0,/,0,http,1,1,0,0,0,,0,0
1,1,1,www.livinglegendsltd.com,1,1,1,0,0,0,/,0,http,1,1,0,0,0,www,0,0
1,1,1,voicechasers.com,2,1,1,0,0,0,/forum/viewforum.php,1,http,1,1,1,0,0,,0,0
1,1,1,hollywoodcollectorshow.com,1,1,1,0,0,0,/,0,http,1,1,0,0,0,,0,0
1,1,1,www.geocities.com,1,1,1,0,0,0,/hollywood/hills/8944/,1,http,1,1,1,0,0,www,0,0
1,1,1,asifa.proboards61.com,1,1,1,0,0,0,/index.cgi,2,http,1,1,1,0,0,asifa,0,2
1,1,1,groups.yahoo.com,2,1,1,0,0,0,/group/voice_actor_appreciation/cal///group/voice_actor_appreciation/,1,http,1,1,1,0,0,groups,0,1
1,1,1,us.imdb.com,2,1,1,0,0,0,/name/nm0267724/,1,http,1,1,1,0,0,us,0,0
1,1,1,www.pamelynferdin.com,1,1,1,0,0,0,/,0,http,1,1,0,0,0,www,0,0
1,1,1,www.pamferdin.com,1,1,1,0,0,0,/,0,http,1,1,0,0,0,www,0,0
1,1,1,www.monkeydog.com,1,1,1,0,0,0,/,0,http,1,1,0,0,0,www,0,0
1,1,1,teamknightrider.com,1,1,1,0,0,0,/cast/plato/plato.html,1,http,1,1,1,0,0,,0,0
1,1,1,us.imdb.com,2,1,1,0,0,0,/name/nm0281486/,1,http,1,1,1,0,0,us,0,0
1,1,1,anp.awn.com,2,1,1,0,0,0,/anifest-3.html,1,http,1,1,1,0,0,anp,0,0
1,1,1,www.awn.com,2,1,1,0,0,0,/mag/issue1.7/articles/kowlaskidi1.7.html,1,http,1,1,1,0,0,www,0,2
1,1,1,www.awn.com,2,1,1,0,0,0,/mag/issue2.7/2.7pages/2.7jacksonjones.html,1,http,1,1,1,0,0,www,0,2
1,1,1,www.awn.com,2,1,1,0,0,0,/mag/issue1.9/articles/kowlagrinch1.9.html,1,http,1,1,1,0,0,www,0,2
1,1,1,us.imdb.com,2,1,1,0,0,0,/name/nm0004931/,1,http,1,1,1,0,0,us,0,0
1,1,1,www.voicechasers.com,1,1,1,0,0,0,/database/showactor.php,1,http,1,1,1,0,0,www,0,2
1,1,1,www.vortex.com,2,1,1,0,0,0,/av.html,2,http,1,1,1,0,0,www,0,0
1,1,1,starbulletin.com,2,1,1,0,0,0,/96/07/11/features/story3.html,1,http,1,1,1,0,0,,0,0
1,1,1,anp.awn.com,2,1,1,0,0,0,/juneforay.html,1,http,1,1,1,0,0,anp,0,0
1,1,1,www.cerias.purdue.edu,1,1,1,0,1,0,/homes/spaf/yucks/v2/msg00061.html,1,http,1,1,1,0,0,www.cerias,2,2
1,1,1,www.awn.com,2,1,1,0,0,0,/mag/issue5.03/5.03pages/evanierforay.php3,1,http,1,1,1,0,0,www,0,2
1,1,1,www.awn.com,2,1,1,0,0,0,/mag/issue4.02/4.02pages/foraylittlejohn.php3,1,http,1,1,1,0,0,www,0,2
1,1,1,archives.seattletimes.nwsource.com,1,1,1,0,1,0,/cgi-bin/texis.cgi/web/vortex/display,1,http,1,1,1,0,0,archives.seattletimes,1,1
1,1,1,www.geocities.com,1,1,1,0,0,0,/enchantedforest/dell/8545/fraley.html,1,http,1,1,1,0,0,www,0,2
1,1,1,us.imdb.com,2,1,1,0,0,0,/name/nm0289710/,1,http,1,1,1,0,0,us,0,0
1,1,1,www.voicechasers.com,1,1,1,0,0,0,/database/showactor.php,1,http,1,1,1,0,0,www,0,2
1,1,1,patfraley.com,2,1,1,0,0,0,/,0,http,1,1,0,0,0,,0,0
1,1,1,nerf-herders-anonymous.net,1,1,1,0,0,0,/patfraley.html,1,http,1,1,1,0,0,,0,0
1,1,1,www.vasta.org,2,1,1,0,0,0,/professional_index/fraleyp.html,1,http,1,1,1,0,0,www,0,0
1,1,1,news.toonzone.net,1,1,1,0,0,0,/2000/oct/27/hearing_voices.php,1,http,1,1,1,0,0,news,0,2
1,1,1,members.tripod.com,1,1,1,0,0,0,/~leemichaelwithers/sfh.htm,1,http,1,1,1,0,0,members,0,0
1,1,1,www.radiospirits.com,1,1,1,0,0,0,/onradio/meethost_sf.asp,1,http,1,1,1,0,0,www,0,0
1,1,1,us.imdb.com,2,1,1,0,0,0,/name/nm0292677/,1,http,1,1,1,0,0,us,0,0
1,1,1,freberg.westnet.com,1,1,1,0,0,0,/,0,http,1,1,0,0,0,freberg,0,0
1,1,1,www.aarp.org,2,1,1,0,0,0,/mmaturity/mar_apr00_preview/creators.html,1,http,1,1,1,0,0,www,0,2
1,1,1,www.cosmik.com,2,1,1,0,0,0,/aa-october99/stan_freberg.html,1,http,1,1,1,0,0,www,0,0
1,1,1,www.tsimon.com,2,1,1,0,0,0,/freberg.htm,2,http,1,1,1,0,0,www,0,0
1,1,1,www.firezine.net,2,1,1,0,0,0,/issue6/fz6_07.htm,1,http,1,1,1,0,0,www,0,0
1,1,1,www.thehutch.com,2,1,1,0,0,0,/rabhutch/freberg.htm,1,http,1,1,1,0,0,www,0,0
1,1,1,www.povonline.com,1,1,1,0,0,0,/cols/col051.htm,1,http,1,1,1,0,0,www,0,0
1,1,1,www.povonline.com,1,1,1,0,0,0,/2001/news060901.htm,1,http,1,1,1,0,0,www,0,0
1,1,1,www.austinchronicle.com,1,1,1,0,0,0,/issues/dispatch/1999-12-10/music_feature3.html,1,http,1,1,1,0,0,www,0,1
1,1,1,www.dawsbutler.com,1,1,1,0,0,0,/freberg.htm,2,http,1,1,1,0,0,www,0,0
1,1,1,freberg.westnet.com,1,1,1,0,0,0,/list.html,2,http,1,1,1,0,0,freberg,0,0
1,1,1,www.rhino.com,2,1,1,0,0,0,/features/75645p.html,1,http,1,1,1,0,0,www,0,0
1,1,1,hitcomedy.com,2,1,1,0,0,0,/index.html,2,http,1,1,1,0,0,,0,0
1,1,1,www.cyberonic.net,1,1,1,0,0,0,/~atrain/comedy/freberg.htm,1,http,1,1,1,0,0,www,0,0
1,1,1,www.povonline.com,1,1,1,0,0,0,/cols/col102.htm,1,http,1,1,1,0,0,www,0,0
1,1,1,freberg.westnet.com,1,1,1,0,0,0,/hear_it.html,2,http,1,1,1,0,0,freberg,0,0
1,1,1,www.epinions.com,2,1,1,0,0,0,/musc-album-musc-freberg__stan/tk_~mm032.1.2,1,http,1,1,1,0,0,www,0,2
1,1,1,citypaper.net,2,1,1,0,0,0,/articles/091699/mus.stan.shtml,1,http,1,1,1,0,0,,0,0
1,1,1,www.crispinfreeman.com,1,1,1,0,0,0,/,0,http,1,1,0,0,0,www,0,0
1,1,1,www.reelradio.com,1,1,1,0,0,0,/gifts/frees.html,1,http,1,1,1,0,0,www,0,0
1,1,1,www.spookytoms.com,1,1,1,0,0,0,/paul_frees_tribute.html,1,http,1,1,1,0,0,www,0,0
1,1,1,www.hollowhill.com,1,1,1,0,0,0,/gm/library/frees.htm,1,http,1,1,1,0,0,www,0,0
1,1,1,www.dvdtalk.com,2,1,1,0,0,0,/dvdsavant/s74frees.html,1,http,1,1,1,0,0,www,0,0
1,1,1,us.imdb.com,2,1,1,0,0,0,/name/nm0293659/,1,http,1,1,1,0,0,us,0,0
1,1,1,www.voicechasers.com,1,1,1,0,0,0,/database/showactor.php,1,http,1,1,1,0,0,www,0,2
1,1,1,bakerstreetdozen.com,1,1,1,0,0,0,/frewernews.html,1,http,1,1,1,0,0,,0,0
1,1,1,us.imdb.com,2,1,1,0,0,0,/name/nm0001242/,1,http,1,1,1,0,0,us,0,0
1,1,1,www.geocities.com,1,1,1,0,0,0,/enchantedforest/dell/8545/va.html,1,http,1,1,1,0,0,www,0,2
1,1,1,www.angelfire.com,1,1,1,0,0,0,/ut/rtoons/actors.html,1,http,1,1,1,0,0,www,0,0
1,1,1,www.geocities.com,1,1,1,0,0,0,/hollywood/lot/2636/voiceacting/,1,http,1,1,1,0,0,www,0,2
1,1,1,www.geocities.com,1,1,1,0,0,0,/philbass_2000/narrators.html,1,http,1,1,1,0,0,www,0,0
1,1,1,doreen.mkbmemorial.com,1,1,1,0,0,0,/,0,http,1,1,0,0,0,doreen,0,0
1,1,1,www.geocities.com,1,1,1,0,0,0,/televisioncity/taping/6785/index.html,1,http,1,1,1,0,0,www,0,2
1,1,1,www.behindthevoiceactors.com,1,1,1,0,0,0,,0,http,1,1,0,0,0,www,0,0
1,1,1,www.keyframeonline.com,1,1,1,0,0,0,/kf.php,2,http,1,1,1,0,0,www,0,0
1,1,1,www.voicechasers.com,1,1,1,0,0,0,/,0,http,1,1,0,0,0,www,0,0
1,1,1,us.imdb.com,2,1,1,0,0,0,/name/nm0304000/,1,http,1,1,1,0,0,us,0,0
1,1,1,www.taoslandandfilm.com,1,1,1,0,0,0,/bradentnwkly.html,1,http,1,1,1,0,0,www,0,0
1,1,1,us.imdb.com,2,1,1,0,0,0,/name/nm0004951/,1,http,1,1,1,0,0,us,0,0
1,1,1,kathygarver.com,2,1,1,0,0,0,/,0,http,1,1,0,0,0,,0,0
1,1,1,us.imdb.com,2,1,1,0,0,0,/name/nm0308744/,1,http,1,1,1,0,0,us,0,0
1,1,1,www.dickgautier.com,1,1,1,0,0,0,/,0,http,1,1,0,0,0,www,0,0
1,1,1,www.dangilvezan.com,1,1,1,0,0,0,/,0,http,1,1,0,0,0,www,0,0
1,1,1,us.imdb.com,2,1,1,0,0,0,/name/nm0319737/,1,http,1,1,1,0,0,us,0,0
1,1,1,us.imdb.com,2,1,1,0,0,0,/name/nm0330015/,1,http,1,1,1,0,0,us,0,0
1,1,1,www.tv-now.com,2,1,1,0,0,0,/stars/gotfried.html,1,http,1,1,1,0,0,www,0,0
1,1,1,www.cdaccess.com,2,1,1,0,0,0,/html/pc/midmovie.htm,1,http,1,1,1,0,0,www,0,0
1,1,1,genetic_mishap.tripod.com,1,1,1,0,0,0,/landofthreenamedpeople/,1,http,1,1,1,0,0,genetic_mishap,2,2
1,1,1,www.angelfire.com,1,1,1,0,0,0,/celeb/starzbios/gottfried_g.html,1,http,1,1,1,0,0,www,0,2
1,1,1,us.imdb.com,2,1,1,0,0,0,/name/nm0331906/,1,http,1,1,1,0,0,us,0,0
1,1,1,www-tech.mit.edu,2,1,1,0,0,0,/v110/n37/gilber.37a.html,1,http,1,1,1,0,0,www-tech,0,0
1,1,1,www-tech.mit.edu,2,1,1,0,0,0,/v110/n38/lsc.38a.html,1,http,1,1,1,0,0,www-tech,0,0
1,1,1,www.octopusmediaink.com,1,1,1,0,0,0,/gilbertgottfried.html,1,http,1,1,1,0,0,www,0,0
1,1,1,citypaper.net,2,1,1,0,0,0,/articles/022996/article001.shtml,1,http,1,1,1,0,0,,0,0
1,1,1,jam.canoe.ca,2,1,1,0,0,0,/movies/artists/g/gottfried_gilbert/1997/02/21/758674.html,1,http,1,1,1,0,0,jam,0,1
1,1,1,www.voicechasers.com,1,1,1,0,0,0,/database/showactor.php,1,http,1,1,1,0,0,www,0,2
1,1,1,www.kylehebert.com,1,1,1,0,0,0,/,0,http,1,1,0,0,0,www,0,0
1,1,1,www.post-gazette.com,1,1,1,0,0,0,/magazine/19990223voicetalent1.asp,1,http,1,1,1,0,0,www,0,2
1,1,1,www.serkworks.com,1,1,1,0,0,0,/roommates/index.htm,1,http,1,1,1,0,0,www,0,0
1,1,1,www.armory.com,2,1,1,0,0,0,/~keeper/jesshirt.html,1,http,1,1,1,0,0,www,0,0
1,1,1,www.voicechasers.com,1,1,1,0,0,0,/database/showactor.php,1,http,1,1,1,0,0,www,0,2
1,1,1,docharris.com,2,1,1,0,0,0,/,0,http,1,1,0,0,0,,0,0
1,1,1,www.lushmedia.co.uk,1,1,0,0,2,0,/,0,http,1,1,1,0,1,www,0,0
1,1,1,www.dav-productions.com,1,1,1,0,0,0,/,0,http,1,1,1,0,0,www,0,0
1,1,1,www.ccvideo.net,2,1,1,0,0,0,/,0,http,1,1,0,0,0,www,0,0
1,1,1,www.blueyed.com,2,1,1,0,0,0,/,0,http,1,1,0,0,0,www,0,0
1,1,1,www.koalatv.com,2,1,1,0,0,0,/,0,http,1,1,0,0,0,www,0,0
1,1,1,www.goaggressive.com,1,1,1,0,0,0,/,0,http,1,1,0,0,0,www,0,0
1,1,1,www.emblemma.com,2,1,1,0,0,0,/,0,http,1,1,0,0,0,www,0,0
1,1,1,www.killingtimeproductions.com,1,1,1,0,0,0,/,0,http,1,1,0,0,0,www,0,0
1,1,1,www.rollingrproductions.com,1,1,1,0,0,0,/,0,http,1,1,0,0,0,www,0,0
1,1,1,www.boutwellstudios.com,1,1,1,0,0,0,,0,http,1,1,0,0,0,www,0,0
1,1,1,www.blindruckus.com,1,1,1,0,0,0,,0,http,1,1,0,0,0,www,0,0
1,1,1,www.roadrecords.com,1,1,1,0,0,0,/clientlist.html,1,http,1,1,1,0,0,www,0,0
1,1,1,www.coupestudios.com,1,1,1,0,0,0,,0,http,1,1,0,0,0,www,0,0
1,1,1,www.kellogg-rice.com,1,1,1,0,0,0,,0,http,1,1,1,0,0,www,0,0
1,1,1,www.sarley.com,2,1,1,0,0,0,,0,http,1,1,0,0,0,www,0,0
1,1,1,www.deadlyproductions.com,1,1,1,0,0,0,,0,http,1,1,0,0,0,www,0,0
1,1,1,www.rickaudio.com,1,1,1,0,0,0,,0,http,1,1,0,0,0,www,0,0
1,1,1,www.fmsystems.net,1,1,1,0,0,0,,0,http,1,1,0,0,0,www,0,0
1,1,1,www.gamebeatinc.com,1,1,1,0,0,0,/,0,http,1,1,0,0,0,www,0,0
1,1,1,members.tripod.com,1,1,1,0,0,0,/kcepap/,2,http,1,1,1,0,0,members,0,0
1,1,1,www.loftinpro.com,1,1,1,0,0,0,,0,http,1,1,0,0,0,www,0,0
1,1,1,www.noisefloor.com,1,1,1,0,0,0,,0,http,1,1,0,0,0,www,0,0
1,1,1,www.wavegroup.com,1,1,1,0,0,0,,0,http,1,1,0,0,0,www,0,0
1,1,1,www.audiolinks.com,1,1,1,0,0,0,/,0,http,1,1,0,0,0,www,0,0
1,1,1,business.fortunecity.com,1,1,1,0,0,0,/tisch/809/gold.htm,1,http,1,1,1,0,0,business,0,0
1,1,1,www.harkproductions.com,1,1,1,0,0,0,/audio.html,2,http,1,1,1,0,0,www,0,0
1,1,1,www.loree-nelson.com,1,1,1,0,0,0,,0,http,1,1,1,0,0,www,0,0
1,1,1,www.thilldesign.com,1,1,1,0,0,0,,0,http,1,1,0,0,0,www,0,0
1,1,1,www.cgdesign.com,2,1,1,0,0,0,,0,http,1,1,0,0,0,www,0,0
1,1,1,www.moonaluna.net,1,1,1,0,0,0,,0,http,1,1,0,0,0,www,0,0
1,1,1,www.rjbstudio.com,1,1,1,0,0,0,,0,http,1,1,0,0,0,www,0,0
1,1,1,www.folioinc.com,2,1,1,0,0,0,,0,http,1,1,0,0,0,www,0,0
1,1,1,www.colorpagesinc.com,1,1,1,0,0,0,,0,http,1,1,0,0,0,www,0,0
1,1,1,www.svengoody.com,1,1,1,0,0,0,,0,http,1,1,0,0,0,www,0,0
1,1,1,www.doclivingston.com,1,1,1,0,0,0,,0,http,1,1,0,0,0,www,0,0
1,1,1,www.broadsideinteractive.com,1,1,1,0,0,0,/,0,http,1,1,0,0,0,www,0,0
1,1,1,www.celticharper.com,1,1,1,0,0,0,/wolfhawk.html,2,http,1,1,1,0,0,www,0,0
1,1,1,www.copelandesign.com,1,1,1,0,0,0,,0,http,1,1,0,0,0,www,0,0
1,1,1,www.gilmourcreative.com,1,1,1,0,0,0,,0,http,1,1,0,0,0,www,0,0
1,1,1,www.twentyfirst.co.uk,1,1,0,0,2,0,,0,http,1,1,1,0,1,www,0,0
1,1,1,www.blacktide.com,1,1,1,0,0,0,,0,http,1,1,0,0,0,www,0,0
1,1,1,www.magusgraphics.com,1,1,1,0,0,0,,0,http,1,1,0,0,0,www,0,0
1,1,1,www.geocities.com,1,1,1,0,0,0,/svendesign/,2,http,1,1,1,0,0,www,0,0
1,1,1,www.graphicsillustrated.com,1,1,1,0,0,0,,0,http,1,1,0,0,0,www,0,0
1,1,1,sullivancreative.com,1,1,1,0,0,0,,0,http,1,1,0,0,0,,0,0
1,1,1,www.thincgrafx.com,1,1,1,0,0,0,/,0,http,1,1,0,0,0,www,0,0
1,1,1,www.rappyco.com,2,1,1,0,0,0,,0,http,1,1,0,0,0,www,0,0
1,1,1,www.vcpresentations.com,1,1,1,0,0,0,/,0,http,1,1,0,0,0,www,0,0
1,1,1,www.philipperaimbault.com,1,1,1,0,0,0,,0,http,1,1,0,0,0,www,0,0
1,1,1,www.jandjgraphics.com,1,1,1,0,0,0,,0,http,1,1,0,0,0,www,0,0
1,1,1,www.transmediaproject.com,1,1,1,0,0,0,/,0,http,1,1,0,0,0,www,0,0
1,1,1,www.informationexperts.com,1,1,1,0,0,0,/,0,http,1,1,0,0,0,www,0,0
1,1,1,www.pluribusmedia.com,1,1,1,0,0,0,/,0,http,1,1,0,0,0,www,0,0
1,1,1,www.adaptivedesign.com,1,1,1,0,0,0,,0,http,1,1,0,0,0,www,0,0
1,1,1,www.logodesignonline.com,1,1,1,0,0,0,,0,http,1,1,0,0,0,www,0,0
1,1,1,www.pentagonstudios.com,1,1,1,0,0,0,,0,http,1,1,0,0,0,www,0,0
1,1,1,www.cre8tivproductions.com,1,1,1,0,0,0,,0,http,1,1,0,0,0,www,0,0
1,1,1,www.stevensonsharpe.co.uk,1,1,0,0,2,0,,0,http,1,1,1,0,1,www,0,0
1,1,1,millercreative.com,1,1,1,0,0,0,,0,http,1,1,0,0,1,,0,0
1,1,1,www.e-nimation.com,1,1,1,0,0,0,/,0,http,1,1,1,0,0,www,0,0
1,1,1,www.springdesigngroup.com,1,1,1,0,0,0,,0,http,1,1,0,0,0,www,0,0
1,1,1,www.newsdesign.com.hk,1,1,0,0,2,0,,0,http,1,1,1,0,1,www,0,0
1,1,1,www.ronelmm.com,2,1,1,0,0,0,,0,http,1,1,0,0,0,www,0,0
1,1,1,www.themakers.com,1,1,1,0,0,0,,0,http,1,1,0,0,0,www,0,0
1,1,1,www.mochamedia.com,1,1,1,0,0,0,,0,http,1,1,0,0,0,www,0,0
1,1,1,www.maksimedia.com,1,1,1,0,0,0,,0,http,1,1,0,0,0,www,0,0
1,1,1,www.lughstudio.com,1,1,1,0,0,0,,0,http,1,1,0,0,0,www,0,0
1,1,1,www.osprey.com,2,1,1,0,0,0,,0,http,1,1,0,0,0,www,0,0
1,1,1,www.somme.no,2,1,0,0,0,0,/,0,http,1,1,0,0,0,www,0,0
1,1,1,www.impactgroup.com,1,1,1,0,0,0,,0,http,1,1,0,0,0,www,0,0
1,1,1,paulmaple.co.uk,2,1,0,0,0,0,/media/,2,http,1,1,1,0,1,,0,0
1,1,1,www.pennvid.com,2,1,1,0,0,0,,0,http,1,1,0,0,0,www,0,0
1,1,1,www.cell-media.com,1,1,1,0,0,0,/,0,http,1,1,1,0,0,www,0,0
1,1,1,www.concisegroup.com,1,1,1,0,0,0,/,0,http,1,1,0,0,0,www,0,0
1,1,1,www.picturevideo.com,1,1,1,0,0,0,,0,http,1,1,0,0,0,www,0,0
1,1,1,www.accelvideo.com,1,1,1,0,0,0,,0,http,1,1,0,0,0,www,0,0
1,1,1,www.altana.com.ar,1,1,0,0,2,0,,0,http,1,1,1,0,0,www,0,0
1,1,1,www.allvid.com,2,1,1,0,0,0,/,0,http,1,1,0,0,0,www,0,0
1,1,1,www.babadigital.com,1,1,1,0,0,0,,0,http,1,1,0,0,0,www,0,0
1,1,1,www.mcdougalldigital.com,1,1,1,0,0,0,,0,http,1,1,0,0,0,www,0,0
1,1,1,www.imacron.com,2,1,1,0,0,0,/,0,http,1,1,0,0,0,www,0,0
1,1,1,www.reelized.com,2,1,1,0,0,0,/,0,http,1,1,0,0,0,www,0,0
1,1,1,www.vandongenav.nl,1,1,0,0,0,0,,0,http,1,1,0,0,0,www,0,0
1,1,1,www.rubiconproductions.com,1,1,1,0,0,0,,0,http,1,1,0,0,0,www,0,0
1,1,1,www.visionsoundcomm.com,1,1,1,0,0,0,,0,http,1,1,0,0,0,www,0,0
1,1,1,www.avrs.net,2,1,1,0,0,0,/,0,http,1,1,0,0,0,www,0,0
1,1,1,www.vldigital.com,1,1,1,0,0,0,,0,http,1,1,0,0,0,www,0,0
1,1,1,www.videomagicpro.net,1,1,1,0,0,0,/,0,http,1,1,0,0,0,www,0,0
1,1,1,www.swerdlow.co.uk,1,1,0,0,2,0,/,0,http,1,1,1,0,1,www,0,0
1,1,1,www.sierrabreeze.com,1,1,1,0,0,0,,0,http,1,1,0,0,0,www,0,0
1,1,1,www.jnproductions.com,1,1,1,0,0,0,/,0,http,1,1,0,0,0,www,0,0
1,1,1,www.scribblemedia.com,1,1,1,0,0,0,,0,http,1,1,0,0,0,www,0,0
1,1,1,www.stormshooters.com,1,1,1,0,0,0,,0,http,1,1,0,0,0,www,0,0
1,1,1,www.bigshoulders.com,1,1,1,0,0,0,,0,http,1,1,0,0,0,www,0,0
1,1,1,www.1digital.com,2,1,1,0,0,0,,0,http,1,1,0,0,0,www,0,0
1,1,1,www.manningproductions.com,1,1,1,0,0,0,,0,http,1,1,0,0,0,www,0,0
1,1,1,www.videocopies.com,1,1,1,0,0,0,,0,http,1,1,0,0,0,www,0,0
1,1,1,www.cardinal-broadcast.com,1,1,1,0,0,0,,0,http,1,1,1,0,0,www,0,0
1,1,1,www.dvfilm.com,2,1,1,0,0,0,,0,http,1,1,0,0,0,www,0,0
1,1,1,www.parrottastudio.com,1,1,1,0,0,0,,0,http,1,1,0,0,0,www,0,0
1,1,1,www.pearlmanaudiovideo.com,1,1,1,0,0,0,,0,http,1,1,0,0,0,www,0,0
1,1,1,www.pagerankers.com,1,1,1,0,0,0,,0,http,1,1,0,0,0,www,0,0
1,1,1,www.purevisibility.com,1,1,1,0,0,0,,0,http,1,1,0,0,0,www,0,0
1,1,1,www.pepperjam.com,1,1,1,0,0,0,/,0,http,1,1,0,0,0,www,0,0
1,1,1,www.platinumservices.com,1,1,1,0,0,0,,0,http,1,1,0,0,0,www,0,0
1,1,1,powerspiritonline.com,1,1,1,0,0,0,,0,http,1,1,0,0,0,,0,0
1,1,1,www.project36.com,1,1,1,0,0,0,,0,http,1,1,0,0,0,www,0,0
1,1,1,www.pageviews.com,1,1,1,0,0,0,/,0,http,1,1,0,0,0,www,0,0
1,1,1,www.podiums.co.uk,1,1,0,0,2,0,/,0,http,1,1,1,0,1,www,0,0
1,1,1,www.portlandwebvisibility.com,1,1,1,0,0,0,,0,http,1,1,0,0,0,www,0,0
1,1,1,www.pagearnold.co.uk,1,1,0,0,2,0,/,0,http,1,1,1,0,1,www,0,0
1,1,1,www.quadrapromotions.com,1,1,1,0,0,0,/,0,http,1,1,0,0,0,www,0,0
1,1,1,www.qxest.net,2,1,1,0,0,0,/,0,http,1,1,0,0,0,www,0,0
1,1,1,www.quisma.de,2,1,1,0,0,0,/,0,http,1,1,0,0,0,www,0,0
1,1,1,www.quirk.biz,2,1,0,0,0,0,/,0,http,1,1,0,0,0,www,0,0
1,1,1,www.top-website-promotion.co.uk,1,1,0,0,2,0,/,0,http,1,1,1,0,1,www,0,0
1,1,1,www.redcarpetweb.com,1,1,1,0,0,0,/,0,http,1,1,0,0,0,www,0,0
1,1,1,www.rocketlist.com,1,1,1,0,0,0,/,0,http,1,1,0,0,0,www,0,0
1,1,1,www.registersuccess.com,1,1,1,0,0,0,/,0,http,1,1,0,0,0,www,0,0
1,1,1,www.raise-your-sites.co.uk,1,1,0,0,2,0,/,0,http,1,1,1,0,1,www,0,0
1,1,1,www.reinventbusiness.com,1,1,1,0,0,0,/,0,http,1,1,0,0,0,www,0,0
1,1,1,www.rainstormconsulting.com,1,1,1,0,0,0,/,0,http,1,1,0,0,0,www,0,0
1,1,1,www.resortwebmarketing.com,1,1,1,0,0,0,/,0,http,1,1,0,0,0,www,0,0
1,1,1,www.rbimedia.com,2,1,1,0,0,0,/,0,http,1,1,0,0,0,www,0,0
1,1,1,www.receptional.com,1,1,1,0,0,0,/,0,http,1,1,0,0,0,www,0,0
1,1,1,www.rankhigh.net,2,1,1,0,0,0,/,0,http,1,1,0,0,0,www,0,0
1,1,1,www.redzoneglobal.net,1,1,1,0,0,0,/,0,http,1,1,0,0,0,www,0,0
1,1,1,www.raisemyrank.com,1,1,1,0,0,0,/,0,http,1,1,0,0,0,www,0,0
1,1,1,www.registereverywhere.com,1,1,1,0,0,0,/,0,http,1,1,0,0,0,www,0,0
1,1,1,www.rankingman.com,1,1,1,0,0,0,/,0,http,1,1,0,0,0,www,0,0
1,1,1,www.rankforsales.com,1,1,1,0,0,0,/,0,http,1,1,0,0,0,www,0,0
1,1,1,www.econnects.net,1,1,1,0,0,0,/,0,http,1,1,0,0,0,www,0,0
1,1,1,www.rankmagic.com,1,1,1,0,0,0,/,0,http,1,1,0,0,0,www,0,0
1,1,1,www.relevanttraffic.com,1,1,1,0,0,0,/,0,http,1,1,0,0,0,www,0,0
1,1,1,www.ranks.nl,2,1,0,0,0,0,/consultancy/,2,http,1,1,1,0,0,www,0,0
1,1,1,www.ranbury.com,2,1,1,0,0,0,/,0,http,1,1,0,0,0,www,0,0
1,1,1,www.rugles.com,2,1,1,0,0,0,/,0,http,1,1,0,0,0,www,0,0
1,1,1,www.redlineseo.com,1,1,1,0,0,0,/,0,http,1,1,0,0,0,www,0,0
1,1,1,www.refreshweb.com,1,1,1,0,0,0,/,0,http,1,1,0,0,0,www,0,0
1,1,1,www.rstwebsolutions.com,1,1,1,0,0,0,/,0,http,1,1,0,0,0,www,0,0
1,1,1,www.reidtechnologies.ca,1,1,1,0,0,0,/,0,http,1,1,0,0,0,www,0,0
1,1,1,www.rtproservices.com,1,1,1,0,0,0,/,0,http,1,1,0,0,0,www,0,0
1,1,1,www.room214.com,2,1,1,0,0,0,/,0,http,1,1,0,0,0,www,0,0
1,1,1,www.seo-websitepromotion.com,1,1,1,0,0,0,/,0,http,1,1,1,0,0,www,0,0
1,1,1,www.rankuno.com,2,1,1,0,0,0,/,0,http,1,1,0,0,0,www,0,0
1,1,1,www.roadmap-placement.com,1,1,1,0,0,0,/,0,http,1,1,1,0,0,www,0,0
1,1,1,www.rimmkaufman.com,1,1,1,0,0,0,/,0,http,1,1,0,0,0,www,0,0
1,1,1,www.rossjackson.co.uk,1,1,0,0,2,0,/,0,http,1,1,1,0,1,www,0,0
1,1,1,www.raspberrymarketing.com,1,1,1,0,0,0,/,0,http,1,1,0,0,0,www,0,0
1,1,1,www.resolutionmedia.com,1,1,1,0,0,0,,0,http,1,1,0,0,0,www,0,0
1,1,1,www.ranksubmit.com,1,1,1,0,0,0,/,0,http,1,1,0,0,0,www,0,0
1,1,1,www.rankhigh.biz,2,1,0,0,0,0,/,0,http,1,1,0,0,0,www,0,0
1,1,1,www.top-search-engine-ranking.co.uk,1,1,0,0,2,0,/,0,http,1,1,1,0,1,www,0,0
1,1,1,www.rapidblue.co.uk,1,1,0,0,2,0,/,0,http,1,1,1,0,1,www,0,0
1,1,1,www.ringjohn.com,2,1,1,0,0,0,/,0,http,1,1,0,0,0,www,0,0
1,1,1,riseinteractive.com,1,1,1,0,0,0,/,0,http,1,1,0,0,0,,0,0
1,1,1,www.relaxseo.com,2,1,1,0,0,0,,0,http,1,1,0,0,0,www,0,0
1,1,1,www.redchillimarketing.co.uk,1,1,0,0,2,0,,0,http,1,1,1,0,1,www,0,0
1,1,1,www.reseo.com,2,1,1,0,0,0,,0,http,1,1,0,0,0,www,0,0
1,1,1,www.internetcampaignmanagement.com,1,1,1,0,0,0,,0,http,1,1,0,0,0,www,0,0
1,1,1,www.rootconcepts.com,1,1,1,0,0,0,,0,http,1,1,0,0,0,www,0,0
1,1,1,www.redchillisearch.com,1,1,1,0,0,0,,0,http,1,1,0,0,0,www,0,0
1,1,1,www.rankfirst.com.au,1,1,0,0,2,0,,0,http,1,1,1,0,1,www,0,0
1,1,1,www.realonlinemarketing.com,1,1,1,0,0,0,,0,http,1,1,0,0,0,www,0,0
1,1,1,www.revteq.com,2,1,1,0,0,0,,0,http,1,1,0,0,0,www,0,0
1,1,1,www.group41.com,2,1,1,0,0,0,/,0,http,1,1,0,0,0,www,0,0
1,1,1,www.sagerock.com,2,1,1,0,0,0,/,0,http,1,1,0,0,0,www,0,0
1,1,1,www.seotechnologies.com,1,1,1,0,0,0,,0,http,1,1,0,0,0,www,0,0
1,1,1,www.submit-url.net,1,1,1,0,0,0,/,0,http,1,1,1,0,0,www,0,0
1,1,1,www.searchengineer.co.uk,1,1,0,0,2,0,/,0,http,1,1,1,0,1,www,0,0
1,1,1,www.submission-pro.com,1,1,1,0,0,0,/,0,http,1,1,1,0,0,www,0,0
1,1,1,www.searchenginedesign.com,1,1,1,0,0,0,/,0,http,1,1,0,0,0,www,0,0
1,1,1,www.submit-pro.com,1,1,1,0,0,0,/,0,http,1,1,1,0,0,www,0,0
1,1,1,www.sixtop.co.uk,2,1,0,0,2,0,/,0,http,1,1,1,0,1,www,0,0
1,1,1,www.spiderbait.com,1,1,1,0,0,0,/,0,http,1,1,0,0,0,www,0,0
1,1,1,www.searchintelligence.ca,1,1,1,0,0,0,/,0,http,1,1,0,0,0,www,0,0
1,1,1,www.singlethrow.com,1,1,1,0,0,0,/,0,http,1,1,0,0,0,www,0,0
1,1,1,www.sitelynx.com,2,1,1,0,0,0,/,0,http,1,1,0,0,0,www,0,0
1,1,1,www.searchengineserious.co.uk,1,1,0,0,2,0,/,0,http,1,1,1,0,1,www,0,0
1,1,1,www.submitnet.net,1,1,1,0,0,0,/,0,http,1,1,0,0,0,www,0,0
1,1,1,www.searchsummit.com,1,1,1,0,0,0,/,0,http,1,1,0,0,0,www,0,0
1,1,1,www.searchenginewiz.com,1,1,1,0,0,0,/,0,http,1,1,0,0,0,www,0,0
1,1,1,www.slickwebz.com,1,1,1,0,0,0,/,0,http,1,1,0,0,0,www,0,0
1,1,1,www.searchenginetechnologies.com,1,1,1,0,0,0,/,0,http,1,1,0,0,0,www,0,0
1,1,1,www.seoanalysis.com,1,1,1,0,0,0,/,0,http,1,1,0,0,0,www,0,0
1,1,1,www.stepforth.com,1,1,1,0,0,0,,0,http,1,1,0,0,0,www,0,0
1,1,1,www.searchenginepatrol.com,1,1,1,0,0,0,/,0,http,1,1,0,0,0,www,0,0
1,1,1,www.searchanalysts.com,1,1,1,0,0,0,/,0,http,1,1,0,0,0,www,0,0
1,1,1,www.sitesolutions.com,1,1,1,0,0,0,/,0,http,1,1,0,0,0,www,0,0
1,1,1,www.stickyeyes.com,1,1,1,0,0,0,/,0,http,1,1,0,0,0,www,0,0
1,1,1,www.skipechert.com,1,1,1,0,0,0,/,0,http,1,1,0,0,0,www,0,0
1,1,1,www.sitepropel.com,1,1,1,0,0,0,/,0,http,1,1,0,0,0,www,0,0
1,1,1,www.searchenginepeople.com,1,1,1,0,0,0,/,0,http,1,1,0,0,0,www,0,0
1,1,1,www.submit-away.com,1,1,1,0,0,0,/,0,http,1,1,1,0,0,www,0,0
1,1,1,www.submitawebsite.com,1,1,1,0,0,0,/,0,http,1,1,0,0,0,www,0,0
1,1,1,www.superwebsitepromotion.com,1,1,1,0,0,0,/,0,http,1,1,0,0,0,www,0,0
1,1,1,www.successpromotions.com,1,1,1,0,0,0,/,0,http,1,1,0,0,0,www,0,0
1,1,1,www.siteblaster.co.uk,1,1,0,0,2,0,/,0,http,1,1,1,0,1,www,0,0
1,1,1,www.searchinnovation.com,1,1,1,0,0,0,/,0,http,1,1,0,0,0,www,0,0
1,1,1,www.submittoday.com,1,1,1,0,0,0,/,0,http,1,1,0,0,0,www,0,0
1,1,1,www.searchmar.com,1,1,1,0,0,0,/,0,http,1,1,0,0,0,www,0,0
1,1,1,www.seoinc.com,2,1,1,0,0,0,/,0,http,1,1,0,0,0,www,0,0
1,1,1,www.foryoursoft.com,1,1,1,0,0,0,/hypercalendar/,1,http,1,1,1,0,0,www,0,0
1,1,1,www.mdesoft.com,2,1,1,0,0,0,/home_eng.htm,2,http,1,1,1,0,0,www,0,0
1,1,1,contactplus.com,2,1,1,0,0,0,/products/freestuff/task.htm,1,http,1,1,1,0,0,,0,0
1,1,1,www.cotton100.com,1,1,1,0,0,0,/,0,http,1,1,0,0,0,www,0,0
1,1,1,www.inklineglobal.org,1,1,1,0,0,0,/products/vdp/,2,http,1,1,1,0,0,www,0,0
1,1,1,www.sharewaresolutions.com,1,1,1,0,0,0,/html/calendar.html,1,http,1,1,1,0,0,www,0,0
1,1,1,www.amfsoftware.com,1,1,1,0,0,0,/windows/amfpim.html,1,http,1,1,1,0,0,www,0,0
1,1,1,www.idealcs.com,2,1,1,0,0,0,/calendar/,2,http,1,1,1,0,0,www,0,0
1,1,1,www.zabaware.com,2,1,1,0,0,0,/assistant/index.html,1,http,1,1,1,0,0,www,0,0
1,1,1,compunac.homestead.com,1,1,1,0,0,0,/index.html,2,http,1,1,1,0,0,compunac,0,0
1,1,1,www.calendarmine.com,1,1,1,0,0,0,/,0,http,1,1,0,0,0,www,0,0
1,1,1,www.hammersoftware.com,1,1,1,0,0,0,/calendar.html,2,http,1,1,1,0,0,www,0,0
1,1,1,www.calendarscope.com,1,1,1,0,0,0,/,0,http,1,1,0,0,0,www,0,0
1,1,1,www.zb2000.com,2,1,1,0,0,0,/acecalendar.htm,1,http,1,1,1,0,0,www,0,0
1,1,1,www.daansystems.com,1,1,1,0,0,0,/daancalendar/,2,http,1,1,1,0,0,www,0,0
1,1,1,hotshift.tripod.com,1,1,1,0,0,0,/,0,http,1,1,0,0,0,hotshift,0,0
1,1,1,www.twesley.com,2,1,1,0,0,0,/~shiftcal/,2,http,1,1,1,0,0,www,0,0
1,1,1,www.naturcalendar.com,1,1,1,0,0,0,/,0,http,1,1,0,0,0,www,0,0
1,1,1,www.calnique.com,2,1,1,0,0,0,/,0,http,1,1,0,0,0,www,0,0
1,1,1,www.wallpaper-calendar.com,1,1,1,0,0,0,/,0,http,1,1,1,0,0,www,0,0
1,1,1,www.vaxtech.com,2,1,1,0,0,0,/birthday-reminder.htm,1,http,1,1,1,0,0,www,0,0
1,1,1,www.srosoftware.com,1,1,1,0,0,0,/sro_bc.htm,2,http,1,1,1,0,0,www,0,0
1,1,1,www.cm-soft.net,2,1,1,0,0,0,/index1.html,2,http,1,1,1,0,0,www,0,0
1,1,1,www.ecrew.org,2,1,1,0,0,0,/,0,http,1,1,0,0,0,www,0,0
1,1,1,www.softshape.com,1,1,1,0,0,0,/cham/,2,http,1,1,1,0,0,www,0,0
1,1,1,www.dummysoftware.com,1,1,1,0,0,0,/clockdummy.html,1,http,1,1,1,0,0,www,0,0
1,1,1,www.cheqsoft.com,2,1,1,0,0,0,/timesown.html,2,http,1,1,1,0,0,www,0,0
1,1,1,www.uk-software.com,1,1,1,0,0,0,/speakingclock.htm,1,http,1,1,1,0,0,www,0,0
1,1,1,www.dillobits.com,1,1,1,0,0,0,/,0,http,1,1,0,0,0,www,0,0
1,1,1,www.altrixsoft.com,1,1,1,0,0,0,,0,http,1,1,0,0,0,www,0,0
1,1,1,ourworld.compuserve.com,1,1,1,0,0,0,/homepages/anithmi/cyclocke.htm,1,http,1,1,1,0,0,ourworld,0,2
1,1,1,www.atomtime.com,2,1,1,0,0,0,/,0,http,1,1,0,0,0,www,0,0
1,1,1,www.mtnsys.com,2,1,1,0,0,0,/pages/atomicclock.htm,1,http,1,1,1,0,0,www,0,0
1,1,1,www.paraben.com,2,1,1,0,0,0,/html/clock2.html,1,http,1,1,1,0,0,www,0,0
1,1,1,www.kaska.demon.co.uk,1,1,0,0,1,0,/,0,http,1,1,1,0,1,www.kaska,0,0
1,1,1,www.nestersoft.com,1,1,1,0,0,0,/timeleft/,2,http,1,1,1,0,0,www,0,0
1,1,1,www.chemware.co.nz,1,1,0,0,1,0,/tic.htm,2,http,1,1,1,0,0,www,0,0
1,1,1,www.blueprintsoftwareworks.com,1,1,1,0,0,0,/atomsync/,2,http,1,1,1,0,0,www,0,0
1,1,1,www.hoursandminutes.com,1,1,1,0,0,0,/,0,http,1,1,0,0,0,www,0,0
1,1,1,www.hiclock.com,2,1,1,0,0,0,/,0,http,1,1,0,0,0,www,0,0
1,1,1,www.springcreeksoftware.com,1,1,1,0,0,0,/,0,http,1,1,0,0,0,www,0,0
1,1,1,timerecorder.51.net,1,1,1,0,0,0,/,0,http,1,1,0,0,0,timerecorder,2,0
1,1,1,www.rayslab.com,2,1,1,0,0,0,/atomic_clock/atomic_clock.html,1,http,1,1,1,0,0,www,0,0
1,1,1,www.info-pack.com,1,1,1,0,0,0,/datetray/,2,http,1,1,1,0,0,www,0,0
1,1,1,www.lux-aeterna.com,1,1,1,0,0,0,/clock/,2,http,1,1,1,0,0,www,0,0
1,1,1,www.enins.com,2,1,1,0,0,0,/timesled/,2,http,1,1,1,0,0,www,0,0
1,1,1,www.acutesoftware.com.au,1,1,0,0,1,0,/timer.html,2,http,1,1,1,0,0,www,0,0
1,1,1,www.timeutilites.com,1,1,1,0,0,0,/,0,http,1,1,0,0,0,www,0,0
1,1,1,www.nehuenmultimedia.com.ar,1,1,0,0,1,0,/html/atomic_clock.html,1,http,1,1,1,0,0,www,0,2
1,1,1,www.softdemon.com,1,1,1,0,0,0,/clock/,2,http,1,1,1,0,0,www,0,0
1,1,1,www.timezonesforpcs.com,1,1,1,0,0,0,/,0,http,1,1,0,0,0,www,0,0
1,1,1,www.xnotestopwatch.com,1,1,1,0,0,0,/,0,http,1,1,0,0,0,www,0,0
1,1,1,visualversion.com,1,1,1,0,0,0,/timebuddy/index.html,1,http,1,1,1,0,0,,0,0
1,1,1,www.rpoint.com,2,1,1,0,0,0,/pp/alarm-pro.aspx,1,http,1,1,1,0,0,www,0,0
1,1,1,www.lmhsoft.com,2,1,1,0,0,0,/timesync/,2,http,1,1,1,0,0,www,0,0
1,1,1,www.vioio.com,2,1,1,0,0,0,/mp3alarmclock.htm,1,http,1,1,1,0,0,www,0,0
1,1,1,littlemulticlock.com,1,1,1,0,0,0,/littlemulticlock/files/littlemulticlock.html,1,http,1,1,1,0,0,,0,2
1,1,1,www.shelltoys.com,1,1,1,0,0,0,/speaking_clock/,1,http,1,1,1,0,0,www,0,0
1,1,1,www.basta.com,2,1,1,0,0,0,/prodhoras.htm,2,http,1,1,1,0,0,www,0,0
1,1,1,www.elprime.com,2,1,1,0,0,0,/,0,http,1,1,0,0,0,www,0,0
1,1,1,www.atsync.com,2,1,1,0,0,0,/,0,http,1,1,0,0,0,www,0,0
1,1,1,www.12noon.com,2,1,1,0,0,0,/,0,http,1,1,0,0,0,www,0,0
1,1,1,www.talkingtimekeeper.com,1,1,1,0,0,0,/,0,http,1,1,0,0,0,www,0,0
1,1,1,www.thecountdownclock.com,1,1,1,0,0,0,/,0,http,1,1,0,0,0,www,0,0
1,1,1,www.softros-tools.com,1,1,1,0,0,0,/,0,http,1,1,1,0,0,www,0,0
1,1,1,www.saythetime.com,1,1,1,0,0,0,/,0,http,1,1,0,0,0,www,0,0
1,1,1,www.utech.net.au,2,1,0,0,1,0,/index.php,2,http,1,1,1,0,0,www,0,1
1,1,1,www.loginor.qc.ca,1,1,0,0,1,0,/index_e.html,2,http,1,1,1,0,0,www,0,0
1,1,1,www.azzcardfile.com,1,1,1,0,0,0,/,0,http,1,1,0,0,0,www,0,0
1,1,1,www.mxac.com.au,2,1,0,0,1,0,/dragonfly.htm,2,http,1,1,1,0,0,www,0,0
1,1,1,www.tgslabs.com,2,1,1,0,0,0,/,0,http,1,1,0,0,0,www,0,0
1,1,1,www.gammadyne.com,1,1,1,0,0,0,/sb.htm,2,http,1,1,1,0,0,www,0,0
1,1,1,www.encodeteam.com,1,1,1,0,0,0,/,0,http,1,1,0,0,0,www,0,0
1,1,1,www.msdsoft.com,2,1,1,0,0,0,/agenda/eng/index.htm,1,http,1,1,1,0,0,www,0,0
1,1,1,www.inklineglobal.org,1,1,1,0,0,0,/,0,http,1,1,0,0,0,www,0,0
1,1,1,www.neverforget.com,1,1,1,0,0,0,/,0,http,1,1,0,0,0,www,0,0
1,1,1,www.cyber-matrix.com,1,1,1,0,0,0,/prosched.html,2,http,1,1,1,0,0,www,0,0
1,1,1,www.1soft.com,2,1,1,0,0,0,/aandb.html,2,http,1,1,1,0,0,www,0,0
1,1,1,www.ezoutliner.com,1,1,1,0,0,0,/,0,http,1,1,0,0,0,www,0,0
1,1,1,www.xreminder.com,1,1,1,0,0,0,/,0,http,1,1,0,0,0,www,0,0
1,1,1,www.inklineglobal.com,1,1,1,0,0,0,/products/vdp/,2,http,1,1,1,0,0,www,0,0
1,1,1,www.wjjsoft.com,2,1,1,0,0,0,/,0,http,1,1,0,0,0,www,0,0
1,1,1,www.personalmicrocosms.com,1,1,1,0,0,0,/html/32bit.html,1,http,1,1,1,0,0,www,0,0
1,1,1,www.pollensoftware.com,1,1,1,0,0,0,/task-o-matic/,2,http,1,1,1,0,0,www,0,0
1,1,1,www.angelfire.com,1,1,1,0,0,0,/ia/anniversary/,1,http,1,1,1,0,0,www,0,0
1,1,1,www.bitsmithsoft.com,1,1,1,0,0,0,/,0,http,1,1,0,0,0,www,0,0
1,1,1,www.mynotescenter.com,1,1,1,0,0,0,/,0,http,1,1,0,0,0,www,0,0
1,1,1,www.csoftlab.com,2,1,1,0,0,0,/,0,http,1,1,0,0,0,www,0,0
1,1,1,www.cancellieri.org,1,1,1,0,0,0,/pmo_index.htm,2,http,1,1,1,0,0,www,0,0
1,1,1,softnote.com,2,1,1,0,0,0,/,0,http,1,1,0,0,0,,0,0
1,1,1,www.denverresearch.com,1,1,1,0,0,0,/pim/home.shtml,1,http,1,1,1,0,0,www,0,0
1,1,1,www.jsoftconsulting.com,1,1,1,0,0,0,/,0,http,1,1,0,0,0,www,0,0
1,1,1,www.cancellieri.org,1,1,1,0,0,0,/,0,http,1,1,0,0,0,www,0,0
1,1,1,www.winpim.com,2,1,1,0,0,0,/,0,http,1,1,0,0,0,www,0,0
1,1,1,www.lexasoftware.com,1,1,1,0,0,0,,0,http,1,1,0,0,0,www,0,0
1,1,1,www.cancellieri.org,1,1,1,0,0,0,/apim_index.htm,1,http,1,1,1,0,0,www,0,0
1,1,1,www.freedomsoftware.net,1,1,1,0,0,0,/,0,http,1,1,0,0,0,www,0,0
1,1,1,www.joels-journal.com,1,1,1,0,0,0,/,0,http,1,1,1,0,0,www,0,0
1,1,1,www.pimone.com,2,1,1,0,0,0,/,0,http,1,1,0,0,0,www,0,0
1,1,1,www.angelicsoftware.com,1,1,1,0,0,0,/,0,http,1,1,0,0,0,www,0,0
1,1,1,www.freedomsoftware.net,1,1,1,0,0,0,/notebook.html,2,http,1,1,1,0,0,www,0,0
1,1,1,www.geocities.com,1,1,1,0,0,0,/angelicangelsnf/,1,http,1,1,1,0,0,www,0,0
1,1,1,www.arenel.com,2,1,1,0,0,0,,0,http,1,1,0,0,0,www,0,0
1,1,1,home.insightbb.com,1,1,1,0,0,0,/~bastshaman/index.html,1,http,1,1,1,0,0,home,0,0
1,1,1,www.becks-cats.com,1,1,1,0,0,0,,0,http,1,1,1,0,0,www,0,0
1,1,1,www.bedoroses.com,1,1,1,0,0,0,/,0,http,1,1,0,0,0,www,0,0
1,1,1,www.angelfire.com,1,1,1,0,0,0,/ms/brikalacy/,2,http,1,1,1,0,0,www,0,0
1,1,1,castleglen.homestead.com,1,1,1,0,0,0,/intro.html,2,http,1,1,1,0,0,castleglen,2,0
1,1,1,catnipkids.homestead.com,1,1,1,0,0,0,/cattery.html,2,http,1,1,1,0,0,catnipkids,2,0
1,1,1,www.cayugafarm.com,1,1,1,0,0,0,,0,http,1,1,0,0,0,www,0,0
1,1,1,www.geocities.com,1,1,1,0,0,0,/demiaracats/cattery.html,1,http,1,1,1,0,0,www,0,0
1,1,1,www.geocities.com,1,1,1,0,0,0,/himalayancats2000/index.html,1,http,1,1,1,0,0,www,0,0
1,1,1,everdreamhimalayan.tripod.com,1,1,1,0,0,0,/,0,http,1,1,0,0,0,everdreamhimalayan,1,0
1,1,1,www.fancyfriends.com,1,1,1,0,0,0,/,0,http,1,1,0,0,0,www,0,0
1,1,1,www.fancyfluff.i8.com,1,1,1,0,2,0,,0,http,1,1,1,0,0,www.fancyfluff,2,0
1,1,1,www.geocities.com,1,1,1,0,0,0,/fluffydreamscatteryca/index.html,1,http,1,1,1,0,0,www,0,2
1,1,1,www.furpleasure.com,1,1,1,0,0,0,/,0,http,1,1,0,0,0,www,0,0
1,1,1,godzanointed4him.homestead.com,1,1,1,0,0,0,/,0,http,1,1,0,0,0,godzanointed4him,2,0
1,1,1,www.geocities.com,1,1,1,0,0,0,/himicats/,2,http,1,1,1,0,0,www,0,0
1,1,1,www.itikat.com,2,1,1,0,0,0,/,0,http,1,1,0,0,0,www,0,0
1,1,1,www.kattenbach.com,1,1,1,0,0,0,,0,http,1,1,0,0,0,www,0,0
1,1,1,www.kutzikoo.com,2,1,1,0,0,0,,0,http,1,1,0,0,0,www,0,0
1,1,1,www.geocities.com,1,1,1,0,0,0,/labonita_persians/,1,http,1,1,1,0,0,www,0,0
1,1,1,www.leclubfur.com,1,1,1,0,0,0,/,0,http,1,1,0,0,0,www,0,0
1,1,1,www.geocities.com,1,1,1,0,0,0,/luvhavencats/,2,http,1,1,1,0,0,www,0,0
1,1,1,sulebrity.homestead.com,1,1,1,0,0,0,/,0,http,1,1,0,0,0,sulebrity,0,0
1,1,1,www.geocities.com,1,1,1,0,0,0,/sunnylakes/,2,http,1,1,1,0,0,www,0,0
1,1,1,www.tanglebox.net,1,1,1,0,0,0,,0,http,1,1,0,0,0,www,0,0
1,1,1,home19.inet.tele.dk,1,1,0,0,2,0,/teahs/,2,http,1,1,1,0,0,home19.inet,2,0
1,1,1,www.tinyjewels.homestead.com,1,1,1,0,1,0,/index.html,2,http,1,1,1,0,0,www.tinyjewels,2,0
1,1,1,www.tntpuff.com,2,1,1,0,0,0,,0,http,1,1,0,0,0,www,0,0
1,1,1,www.whisperwoodcats.com,1,1,1,0,0,0,/,0,http,1,1,0,0,0,www,0,0
1,1,1,www.yewcats.com,2,1,1,0,0,0,/,0,http,1,1,0,0,0,www,0,0
1,1,1,www.geocities.com,1,1,1,0,0,0,/milhorn2002/index.html,1,http,1,1,1,0,0,www,0,0
1,1,1,www.pawsandpurrscattery.com,1,1,1,0,0,0,/,0,http,1,1,0,0,0,www,0,0
1,1,1,www.fancyfurs.net,1,1,1,0,0,0,,0,http,1,1,0,0,0,www,0,0
1,1,1,www.naru.20m.com,2,1,1,0,2,0,,0,http,1,1,1,0,0,www.naru,0,0
1,1,1,home.earthlink.net,1,1,1,0,0,0,/~sandypaws/,2,http,1,1,1,0,0,home,0,0
1,1,1,playwickeycats.com,1,1,1,0,0,0,/index.shtml,2,http,1,1,1,0,0,,0,0
1,1,1,www.ristokat.com,2,1,1,0,0,0,/,0,http,1,1,0,0,0,www,0,0
1,1,1,www.catteryrow.com,1,1,1,0,0,0,/pacificpurr/index.html,1,http,1,1,1,0,0,www,0,0
1,1,1,www.geocities.com,1,1,1,0,0,0,/paisleypaws/,2,http,1,1,1,0,0,www,0,0
1,1,1,radzacatz.homestead.com,1,1,1,0,0,0,/,0,http,1,1,0,0,0,radzacatz,0,0
1,1,1,www.members.tripod.com,1,1,1,0,2,0,/izshe/,2,http,1,1,1,0,0,www.members,2,0
1,1,1,www.pawtrixcove.com,1,1,1,0,0,0,,0,http,1,1,0,0,0,www,0,0
1,1,1,www.sunstreamcats.com,1,1,1,0,0,0,/,0,http,1,1,0,0,0,www,0,0
1,1,1,www.ceylon.ws,2,1,0,0,0,0,,0,http,1,1,0,0,1,www,0,0
1,1,1,www.himmikatz.com,1,1,1,0,0,0,/,0,http,1,1,0,0,0,www,0,0
1,1,1,www.geocities.com,1,1,1,0,0,0,/fuzzy_britches1/fuzzybritches.html,1,http,1,1,1,0,0,www,0,2
1,1,1,www.kasiakatz.com,1,1,1,0,0,0,,0,http,1,1,0,0,0,www,0,0
1,1,1,katzcaprice.com,2,1,1,0,0,0,,0,http,1,1,0,0,0,,0,0
1,1,1,www.ma-liakatz.com,1,1,1,0,0,0,/,0,http,1,1,1,0,0,www,0,0
1,1,1,www.blackriverhimalayans.20m.com,1,1,1,0,2,0,,0,http,1,1,1,0,0,www.blackriverhimalayans,1,0
1,1,1,www.ieasysite.com,1,1,1,0,0,0,/sunshinezzz,2,http,1,1,1,0,0,www,0,0
1,1,1,www.catleycrue.com,1,1,1,0,0,0,,0,http,1,1,0,0,0,www,0,0
1,1,1,www.pointedpurrs.com,1,1,1,0,0,0,/,0,http,1,1,0,0,0,www,0,0
1,1,1,www.nymews.com,2,1,1,0,0,0,,0,http,1,1,0,0,0,www,0,0
1,1,1,www.geocities.com,1,1,1,0,0,0,/kitties2luv/,2,http,1,1,1,0,0,www,0,0
1,1,1,www.geocities.com,1,1,1,0,0,0,/angelpawscattery2003/index.html,1,http,1,1,1,0,0,www,0,2
1,1,1,www.geocities.com,1,1,1,0,0,0,/sunnybrookkittens/,1,http,1,1,1,0,0,www,0,0
1,1,1,www.shadenshadow.com,1,1,1,0,0,0,,0,http,1,1,0,0,0,www,0,0
1,1,1,www.furrmine.com,2,1,1,0,0,0,,0,http,1,1,0,0,0,www,0,0
1,1,1,www.silkenrosepersians.com,1,1,1,0,0,0,,0,http,1,1,0,0,0,www,0,0
1,1,1,www.kaydekatz.com,1,1,1,0,0,0,,0,http,1,1,0,0,0,www,0,0
1,1,1,www.geocities.com,1,1,1,0,0,0,/heavenlymews/,2,http,1,1,1,0,0,www,0,0
1,1,1,jentopiacats.com,2,1,1,0,0,0,,0,http,1,1,0,0,0,,0,0
1,1,1,www.purrs-of-luvcattery.com,1,1,1,0,0,0,,0,http,1,1,1,0,0,www,0,0
1,1,1,www.purfectkittypersians.com,1,1,1,0,0,0,/,0,http,1,1,0,0,0,www,0,0
1,1,1,www.geocities.com,1,1,1,0,0,0,/maxnkoko/index.html,1,http,1,1,1,0,0,www,0,0
1,1,1,www.grovewoodcats.com,1,1,1,0,0,0,/,0,http,1,1,0,0,0,www,0,0
1,1,1,www.lechatpaws.com,1,1,1,0,0,0,/,0,http,1,1,0,0,0,www,0,0
1,1,1,kisancats.com,2,1,1,0,0,0,/,0,http,1,1,0,0,0,,0,0
1,1,1,www.lakehyco.com,2,1,1,0,0,0,/,0,http,1,1,0,0,0,www,0,0
1,1,1,webpages.charter.net,1,1,1,0,0,0,/sassipurrs/,2,http,1,1,1,0,0,webpages,0,0
1,1,1,www.co-bridge.com,1,1,1,0,0,0,,0,http,1,1,1,0,0,www,0,0
1,1,1,www.calebcats.com,1,1,1,0,0,0,,0,http,1,1,0,0,0,www,0,0
1,1,1,rumscott.homestead.com,1,1,1,0,0,0,/,0,http,1,1,0,0,0,rumscott,0,0
1,1,1,www.wonderfluf.com,1,1,1,0,0,0,,0,http,1,1,0,0,0,www,0,0
1,1,1,sunshinezzz.ieasysite.com,1,1,1,0,0,0,/,0,http,1,1,0,0,0,sunshinezzz,2,0
1,1,1,www.ozemail.com.au,1,1,0,0,2,0,/~ebunny,2,http,1,1,1,0,1,www,0,0
1,1,1,planeta.terra.com.br,1,1,0,0,2,0,/lazer/gatilmiragem,1,http,1,1,1,0,1,planeta,0,0
1,1,1,www.blazestar.com.br,1,1,0,0,2,0,/,0,http,1,1,1,0,0,www,0,0
1,1,1,www.himalayan.org,1,1,1,0,0,0,/,0,http,1,1,0,0,0,www,0,0
1,1,1,www.geocities.com,1,1,1,0,0,0,/area51/dreamworld/9882/index.html,1,http,1,1,1,0,0,www,0,2
1,1,1,www.cfainc.org,2,1,1,0,0,0,/breeds/profiles/persian-him.html,1,http,1,1,1,0,0,www,0,2
1,1,1,www.aaceinc.org,2,1,1,0,0,0,/pages/breeds/him.htm,1,http,1,1,1,0,0,www,0,0
1,1,1,p.webring.com,2,1,1,0,0,0,/hub,2,http,1,1,1,0,0,p,0,0
1,1,1,www.cfainc.org,2,1,1,0,0,0,/breeds/profiles/japanese.html,1,http,1,1,1,0,0,www,0,0
1,1,1,www.breedlist.com,1,1,1,0,0,0,/japanese-bobtail-breeders.html,1,http,1,1,1,0,0,www,0,2
1,1,1,www.japanesebobtails.com,1,1,1,0,0,0,/,0,http,1,1,0,0,0,www,0,0
1,1,1,www.cfainc.org,2,1,1,0,0,0,/breeds/profiles/articles/japanese.html,1,http,1,1,1,0,0,www,0,2
1,1,1,www.fanciers.com,2,1,1,0,0,0,/breed-faqs/japanese-bobtail-faq.html,1,http,1,1,1,0,0,www,0,2
1,1,1,www.catchicats.com,1,1,1,0,0,0,/,0,http,1,1,0,0,0,www,0,0
1,1,1,www.kiddlyn.com,2,1,1,0,0,0,/,0,http,1,1,0,0,0,www,0,0
1,1,1,www.angelfire.com,1,1,1,0,0,0,/il3/jakoi/,2,http,1,1,1,0,0,www,0,0
1,1,1,www.sailbourne.com,1,1,1,0,0,0,/,0,http,1,1,0,0,0,www,0,0
1,1,1,www.janipurr.com,2,1,1,0,0,0,/,0,http,1,1,0,0,0,www,0,0
1,1,1,www.geocities.com,1,1,1,0,0,0,/kurisumasu_jbt/,1,http,1,1,1,0,0,www,0,0
1,1,1,members.shaw.ca,2,1,1,0,0,0,/jbobtails/index.htm,1,http,1,1,1,0,0,members,0,0
1,1,1,www.solstans.co.uk,1,1,0,0,2,0,/,0,http,1,1,1,0,1,www,0,0
1,1,1,www.goutokuji.com,1,1,1,0,0,0,/,0,http,1,1,0,0,0,www,0,0
1,1,1,www.samizcats.com,1,1,1,0,0,0,,0,http,1,1,0,0,0,www,0,0
1,1,1,www.uvm.edu,2,1,1,0,0,0,/~video/,2,http,1,1,1,0,0,www,0,0
1,1,1,learn.uvm.edu,2,1,1,0,0,0,/focus/,2,http,1,1,1,0,0,learn,0,0
1,1,1,www.uvm.edu,2,1,1,0,0,0,/~gradcoll/,2,http,1,1,1,0,0,www,0,0
1,1,1,www.uvm.edu,2,1,1,0,0,0,/academics/,2,http,1,1,1,0,0,www,0,2
1,1,1,www.uvm.edu,2,1,1,0,0,0,/~histpres,2,http,1,1,1,0,0,www,0,0
1,1,1,www.uvm.edu,2,1,1,0,0,0,/~biomed/,2,http,1,1,1,0,0,www,0,0
1,1,1,www.uvm.edu,2,1,1,0,0,0,/~cnhs/,2,http,1,1,1,0,0,www,0,0
1,1,1,www.bsad.uvm.edu,2,1,1,0,2,0,/,0,http,1,1,1,0,0,www.bsad,0,0
1,1,1,www.uvm.edu,2,1,1,0,0,0,/~envprog/,2,http,1,1,1,0,0,www,0,0
1,1,1,www.uvm.edu,2,1,1,0,0,0,/snr/,2,http,1,1,1,0,0,www,0,0
1,1,1,www.uvm.edu,2,1,1,0,0,0,/snr/,2,http,1,1,1,0,0,www,0,2
1,1,1,www.uvm.edu,2,1,1,0,0,0,/snr/,2,http,1,1,1,0,0,www,0,2
1,1,1,www.uvm.edu,2,1,1,0,0,0,/snr/,2,http,1,1,1,0,0,www,0,0
1,1,1,www.uvm.edu,2,1,1,0,0,0,/snr/,2,http,1,1,1,0,0,www,0,2
1,1,1,www.uvm.edu,2,1,1,0,0,0,/snr/,2,http,1,1,1,0,0,www,0,2
1,1,1,www.uvm.edu,2,1,1,0,0,0,/snr/,2,http,1,1,1,0,0,www,0,0
1,1,1,www.uvm.edu,2,1,1,0,0,0,/~dceweb/lane/,2,http,1,1,1,0,0,www,0,0
1,1,1,www.uvm.edu,2,1,1,0,0,0,/~sacon/,2,http,1,1,1,0,0,www,0,0
1,1,1,www.uvm.edu,2,1,1,0,0,0,/~ncow/,2,http,1,1,1,0,0,www,0,0
1,1,1,www.uvm.edu,2,1,1,0,0,0,/events/,2,http,1,1,1,0,0,www,0,0
1,1,1,www.uvm.edu,2,1,1,0,0,0,/~uvmcts/,2,http,1,1,1,0,0,www,0,0
1,1,1,www.uvm.edu,2,1,1,0,0,0,/~fleming/index.php,1,http,1,1,1,0,0,www,0,2
1,1,1,www.uvm.edu,2,1,1,0,0,0,/~jdavison/,2,http,1,1,1,0,0,www,0,0
1,1,1,www.uvm.edu,2,1,1,0,0,0,/~sjc/,2,http,1,1,1,0,0,www,0,0
1,1,1,www.emba.uvm.edu,2,1,1,0,2,0,/~archdeac/,2,http,1,1,1,0,0,www.emba,0,0
1,1,1,www.uvm.edu,2,1,1,0,0,0,/~jleonard/,2,http,1,1,1,0,0,www,0,0
1,1,1,www.emba.uvm.edu,2,1,1,0,2,0,/~read/,2,http,1,1,1,0,0,www.emba,0,0
1,1,1,www.uvm.edu,2,1,1,0,0,0,/~rullrich/first.html,1,http,1,1,1,0,0,www,0,0
1,1,1,www.emba.uvm.edu,2,1,1,0,2,0,/~mirchand/,2,http,1,1,1,0,0,www.emba,0,0
1,1,1,mansfield.emba.uvm.edu,1,1,1,0,2,0,/~douglas/,2,http,1,1,1,0,0,mansfield.emba,2,0
1,1,1,www.emba.uvm.edu,2,1,1,0,2,0,/~rcrouse/,2,http,1,1,1,0,0,www.emba,0,0
1,1,1,www.uvm.edu,2,1,1,0,0,0,/~dbarring/home.html,1,http,1,1,1,0,0,www,0,0
1,1,1,www.emba.uvm.edu,2,1,1,0,2,0,/~dinitz/,2,http,1,1,1,0,0,www.emba,0,0
1,1,1,www.emba.uvm.edu,2,1,1,0,2,0,/~dben/,2,http,1,1,1,0,0,www.emba,0,0
1,1,1,www.emba.uvm.edu,2,1,1,0,2,0,/~burgmeie/,2,http,1,1,1,0,0,www.emba,0,0
1,1,1,www.emba.uvm.edu,2,1,1,0,2,0,/~cooke/,2,http,1,1,1,0,0,www.emba,0,0
1,1,1,www.emba.uvm.edu,2,1,1,0,2,0,/~puterbau/,2,http,1,1,1,0,0,www.emba,0,0
1,1,1,www.emba.uvm.edu,2,1,1,0,2,0,/~wilson/,2,http,1,1,1,0,0,www.emba,0,0
1,1,1,www.uvm.edu,2,1,1,0,0,0,/~dguber/,2,http,1,1,1,0,0,www,0,0
1,1,1,www.emba.uvm.edu,2,1,1,0,2,0,/~snapp/,2,http,1,1,1,0,0,www.emba,0,0
1,1,1,www.uvm.edu,2,1,1,0,0,0,/~hag/personal/,1,http,1,1,1,0,0,www,0,0
1,1,1,www.uvm.edu,2,1,1,0,0,0,/~lizzo/,2,http,1,1,1,0,0,www,0,0
1,1,1,www.uvm.edu,2,1,1,0,0,0,/~der/,2,http,1,1,1,0,0,www,0,0
1,1,1,www.uvm.edu,2,1,1,0,0,0,/~jdion/,2,http,1,1,1,0,0,www,0,0
1,1,1,www.uvm.edu,2,1,1,0,0,0,/~dmatthew/,2,http,1,1,1,0,0,www,0,0
1,1,1,www.uvm.edu,2,1,1,0,0,0,/academics/catalogue2006-07/,1,http,1,1,1,0,0,www,0,0
1,1,1,optimization.asu.edu,1,1,1,0,0,0,/~xue/,2,http,1,1,1,0,0,optimization,2,0
1,1,1,universitycommunications.uvm.edu,1,1,1,0,0,0,/spring2001/webreleaseonunionpetitionresponse.htm,1,http,1,1,1,0,0,universitycommunications,1,1
1,1,1,www.unitedacademics.org,1,1,1,0,0,0,/,0,http,1,1,0,0,0,www,0,0
1,1,1,voyager.uvm.edu,2,1,1,0,0,0,/,0,http,1,1,0,0,0,voyager,0,0
1,1,1,www.uvm.edu,2,1,1,0,0,0,/whale/,2,http,1,1,1,0,0,www,0,0
1,1,1,www.uvm.edu,2,1,1,0,0,0,/~fleming/,2,http,1,1,1,0,0,www,0,0
1,1,1,library.uvm.edu,2,1,1,0,0,0,/,0,http,1,1,0,0,0,library,0,0
1,1,1,library.uvm.edu,2,1,1,0,0,0,/dana/,2,http,1,1,1,0,0,library,0,0
1,1,1,www.uvm.edu,2,1,1,0,0,0,/perkins/,2,http,1,1,1,0,0,www,0,0
1,1,1,www.uvm.edu,2,1,1,0,0,0,/~pmrc/pmrccam.html,1,http,1,1,1,0,0,www,0,0
1,1,1,universitycommunications.uvm.edu,1,1,1,0,0,0,/tour/,2,http,1,1,1,0,0,universitycommunications,1,2
1,1,1,www.uvm.edu,2,1,1,0,0,0,/~pmrc/sugarcam.html,1,http,1,1,1,0,0,www,0,0
1,1,1,www.uvm.edu,2,1,1,0,0,0,/map/,2,http,1,1,1,0,0,www,0,0
1,1,1,www.uvm.edu,2,1,1,0,0,0,/about_uvm/visiting/,1,http,1,1,1,0,0,www,0,2
1,1,1,www.uvm.edu,2,1,1,0,0,0,/uvmtoday/,2,http,1,1,1,0,0,www,0,0
1,1,1,universitycommunications.uvm.edu,1,1,1,0,0,0,/vq/index.html,2,http,1,1,1,0,0,universitycommunications,1,0
1,1,1,universitycommunications.uvm.edu,1,1,1,0,0,0,/,0,http,1,1,0,0,0,universitycommunications,1,0
1,1,1,www.vermontcynic.com,1,1,1,0,0,0,/,0,http,1,1,0,0,0,www,0,0
1,1,1,www.uvm.edu,2,1,1,0,0,0,/~vtconn/,2,http,1,1,1,0,0,www,0,0
1,1,1,www.uvm.edu,2,1,1,0,0,0,/~uvmemu/,2,http,1,1,1,0,0,www,0,0
1,1,1,www.uvm.edu,2,1,1,0,0,0,/~uvmtv/,2,http,1,1,1,0,0,www,0,0
1,1,1,www.uvm.edu,2,1,1,0,0,0,/~wruv/,2,http,1,1,1,0,0,www,0,0
1,1,1,www.uvm.edu,2,1,1,0,0,0,/~aaeo/,2,http,1,1,1,0,0,www,0,0
1,1,1,giraffe.uvm.edu,2,1,1,0,0,0,/~rgweb/,2,http,1,1,1,0,0,giraffe,0,0
1,1,1,reslife.uvm.edu,2,1,1,0,0,0,/,0,http,1,1,0,0,0,reslife,0,0
1,1,1,www.uvm.edu,2,1,1,0,0,0,/~energy/,2,http,1,1,1,0,0,www,0,0
1,1,1,www.uvm.edu,2,1,1,0,0,0,/~uvmppd/,2,http,1,1,1,0,0,www,0,0
1,1,1,www.uvm.edu,2,1,1,0,0,0,/~cntrllrs/,2,http,1,1,1,0,0,www,0,0
1,1,1,www.uvm.edu,2,1,1,0,0,0,/~ofabweb/,2,http,1,1,1,0,0,www,0,0
1,1,1,www.uvm.edu,2,1,1,0,0,0,/~ugpdept/,2,http,1,1,1,0,0,www,0,0
1,1,1,www.uvm.edu,2,1,1,0,0,0,/~photo/,2,http,1,1,1,0,0,www,0,0
1,1,1,www.uvm.edu,2,1,1,0,0,0,/~catcard/,2,http,1,1,1,0,0,www,0,0
1,1,1,www.uvm.edu,2,1,1,0,0,0,/~plan/,2,http,1,1,1,0,0,www,0,0
1,1,1,www.uvm.edu,2,1,1,0,0,0,/~afsdept/,2,http,1,1,1,0,0,www,0,0
1,1,1,www.uvm.edu,2,1,1,0,0,0,/~uvmhr/,2,http,1,1,1,0,0,www,0,0
1,1,1,www.uvm.edu,2,1,1,0,0,0,/~training/,2,http,1,1,1,0,0,www,0,0
1,1,1,www.uvm.edu,2,1,1,0,0,0,/~sisi/,2,http,1,1,1,0,0,www,0,0
1,1,1,www.uvm.edu,2,1,1,0,0,0,/~purcard/,2,http,1,1,1,0,0,www,0,0
1,1,1,www.uvm.edu,2,1,1,0,0,0,/~arch/,2,http,1,1,1,0,0,www,0,0
1,1,1,www.uvm.edu,2,1,1,0,0,0,/~uvmppd/,2,http,1,1,1,0,0,www,0,1
1,1,1,www.uvm.edu,2,1,1,0,0,0,/~ospuvm/,2,http,1,1,1,0,0,www,0,0
1,1,1,www.uvm.edu,2,1,1,0,0,0,/~oacm/,2,http,1,1,1,0,0,www,0,0
1,1,1,www.uvm.edu,2,1,1,0,0,0,/studentlife/,2,http,1,1,1,0,0,www,0,0
1,1,1,www.uvm.edu,2,1,1,0,0,0,/~clascomp/,2,http,1,1,1,0,0,www,0,0
1,1,1,www.uvm.edu,2,1,1,0,0,0,/~dos/assist/,2,http,1,1,1,0,0,www,0,0
1,1,1,www.uvm.edu,2,1,1,0,0,0,/~juggle/,2,http,1,1,1,0,0,www,0,0
1,1,1,www.uvm.edu,2,1,1,0,0,0,/~uvmopt/,2,http,1,1,1,0,0,www,0,0
1,1,1,debate.uvm.edu,2,1,1,0,0,0,/,0,http,1,1,0,0,0,debate,0,0
1,1,1,www.uvm.edu,2,1,1,0,0,0,/~service/,2,http,1,1,1,0,0,www,0,0
1,1,1,www.uvm.edu,2,1,1,0,0,0,/~catfs/,2,http,1,1,1,0,0,www,0,0
1,1,1,www.uvm.edu,2,1,1,0,0,0,/~alco/,2,http,1,1,1,0,0,www,0,0
1,1,1,www.uvm.edu,2,1,1,0,0,0,/sparc/,2,http,1,1,1,0,0,www,0,0
1,1,1,www.uvm.edu,2,1,1,0,0,0,/~uvmwoc/,2,http,1,1,1,0,0,www,0,0
1,1,1,www.uvm.edu,2,1,1,0,0,0,/~outside/,2,http,1,1,1,0,0,www,0,0
1,1,1,www.uvm.edu,2,1,1,0,0,0,/~topcats/,2,http,1,1,1,0,0,www,0,0
1,1,1,www.uvm.edu,2,1,1,0,0,0,/~legal,2,http,1,1,1,0,0,www,0,0
1,1,1,www.uvm.edu,2,1,1,0,0,0,/~rescue/,2,http,1,1,1,0,0,www,0,0
1,1,1,www.uvm.edu,2,1,1,0,0,0,/~hearts/,2,http,1,1,1,0,0,www,0,0
1,1,1,www.uvm.edu,2,1,1,0,0,0,/~boulder/,2,http,1,1,1,0,0,www,0,0
1,1,1,www.uvm.edu,2,1,1,0,0,0,/~skiclub/,2,http,1,1,1,0,0,www,0,0
1,1,1,www.uvm.edu,2,1,1,0,0,0,/greening/,2,http,1,1,1,0,0,www,0,0
1,1,1,www.uvm.edu,2,1,1,0,0,0,/~uvmsga/,2,http,1,1,1,0,0,www,0,0
1,1,1,www.uvm.edu,2,1,1,0,0,0,/~rlweb/ira/,2,http,1,1,1,0,0,www,0,0
1,1,1,www.emba.uvm.edu,2,1,1,0,2,0,/~asem,2,http,1,1,1,0,0,www.emba,0,0
1,1,1,www.emba.uvm.edu,2,1,1,0,2,0,/~asce/,2,http,1,1,1,0,0,www.emba,0,0
1,1,1,www.emba.uvm.edu,2,1,1,0,2,0,/~asme/,2,http,1,1,1,0,0,www.emba,0,0
1,1,1,www.emba.uvm.edu,2,1,1,0,2,0,/~cssa/,2,http,1,1,1,0,0,www.emba,0,0
1,1,1,www.uvm.edu,2,1,1,0,0,0,/~geogclub/,2,http,1,1,1,0,0,www,0,0
1,1,1,www.uvm.edu,2,1,1,0,0,0,/~goodrich/,2,http,1,1,1,0,0,www,0,0
1,1,1,pss.uvm.edu,2,1,1,0,0,0,/hortclub/,2,http,1,1,1,0,0,pss,0,0
1,1,1,www.uvm.edu,2,1,1,0,0,0,/~phibeta/,2,http,1,1,1,0,0,www,0,0
1,1,1,universitycommunications.uvm.edu,1,1,1,0,0,0,/fall99releases/webclimbthewalls.htm,1,http,1,1,1,0,0,universitycommunications,1,2
1,1,1,www.uvmgreeklife.com,1,1,1,0,0,0,/,0,http,1,1,0,0,0,www,0,0
1,1,1,www.agrinvt.org,2,1,1,0,0,0,/,0,http,1,1,0,0,0,www,0,0
1,1,1,www.uvm.edu,2,1,1,0,0,0,/~fiji2,2,http,1,1,1,0,0,www,0,0
1,1,1,www.uvm.edu,2,1,1,0,0,0,/~sigep/,2,http,1,1,1,0,0,www,0,0
1,1,1,www.uvm.edu,2,1,1,0,0,0,/~aphio/,2,http,1,1,1,0,0,www,0,0
1,1,1,www.uvm.edu,2,1,1,0,0,0,/~sigmaphi/home.htm,1,http,1,1,1,0,0,www,0,0
1,1,1,www.uvm.edu,2,1,1,0,0,0,/~uvmaz/,2,http,1,1,1,0,0,www,0,0
1,1,1,uvm.phideltatheta.org,1,1,1,0,0,0,/,0,http,1,1,0,0,0,uvm,0,0
1,1,1,www.uvm.edu,2,1,1,0,0,0,/~tridelt/,2,http,1,1,1,0,0,www,0,0
1,1,1,www.uvm.edu,2,1,1,0,0,0,/~uvmivcf/,2,http,1,1,1,0,0,www,0,0
1,1,1,www.uvmhillel.org,1,1,1,0,0,0,/,0,http,1,1,0,0,0,www,0,0
1,1,1,www.uvm.edu,2,1,1,0,0,0,/~ohpr/,2,http,1,1,1,0,0,www,0,0
1,1,1,www.uvm.edu,2,1,1,0,0,0,/~helix/,2,http,1,1,1,0,0,www,0,0
1,1,1,www.uvm.edu,2,1,1,0,0,0,/~vlrs/,2,http,1,1,1,0,0,www,0,0
1,1,1,pss.uvm.edu,2,1,1,0,0,0,/dept/hort_farm/,1,http,1,1,1,0,0,pss,0,0
1,1,1,www.uvm.edu,2,1,1,0,0,0,/~crvt/,2,http,1,1,1,0,0,www,0,0
1,1,1,crs.uvm.edu,2,1,1,0,0,0,/,0,http,1,1,0,0,0,crs,0,0
1,1,1,www.uvm.edu,2,1,1,0,0,0,/~susagctr/,2,http,1,1,1,0,0,www,0,0
1,1,1,www.uvm.edu,2,1,1,0,0,0,/~uvmsbf/,2,http,1,1,1,0,0,www,0,0
1,1,1,www.uvm.edu,2,1,1,0,0,0,/~dmatthew/,2,http,1,1,1,0,0,www,0,0
1,1,1,orchard.uvm.edu,2,1,1,0,0,0,/,0,http,1,1,0,0,0,orchard,0,0
1,1,1,blood.uvm.edu,2,1,1,0,0,0,/,0,http,1,1,0,0,0,blood,0,0
1,1,1,www.uvm.edu,2,1,1,0,0,0,/~uvmchs/,2,http,1,1,1,0,0,www,0,0
1,1,1,www.uvm.edu,2,1,1,0,0,0,/~vtreads/uvmhome.html,1,http,1,1,1,0,0,www,0,0
1,1,1,www.snellingcenter.org,1,1,1,0,0,0,/,0,http,1,1,0,0,0,www,0,0
1,1,1,www.uvm.edu,2,1,1,0,0,0,/~epscor/,2,http,1,1,1,0,0,www,0,0
1,1,1,www.uvm.edu,2,1,1,0,0,0,/~plantbio/,2,http,1,1,1,0,0,www,0,2
1,1,1,www.uvm.edu,2,1,1,0,0,0,/vtaes/,2,http,1,1,1,0,0,www,0,0
1,1,1,www.uvm.edu,2,1,1,0,0,0,/~cdci/,2,http,1,1,1,0,0,www,0,0
1,1,1,cwf.uvm.edu,2,1,1,0,0,0,/cris/,2,http,1,1,1,0,0,cwf,0,0
1,1,1,www.uvminnovations.com,1,1,1,0,0,0,/,0,http,1,1,0,0,0,www,0,0
1,1,1,www.rcgrd.uvm.edu,1,1,1,0,2,0,/,0,http,1,1,1,0,0,www.rcgrd,0,0
1,1,1,www.dad.state.vt.us,1,1,0,0,1,0,/atp/resource%20links/communication.htm,1,http,1,1,1,0,0,www.dad,0,2
1,1,1,www.uvm.edu,2,1,1,0,0,0,/envnr/vtcfwru/,1,http,1,1,1,0,0,www,0,0
1,1,1,www.uvm.edu,2,1,1,0,0,0,/~envnr/sal/,2,http,1,1,1,0,0,www,0,0
1,1,1,www.uvm.edu,2,1,1,0,0,0,/~compor/,2,http,1,1,1,0,0,www,0,0
1,1,1,www.uvm.edu,2,1,1,0,0,0,/~pmrc/,2,http,1,1,1,0,0,www,0,0
1,1,1,vtspacegrant.org,2,1,1,0,0,0,/,0,http,1,1,0,0,0,,0,0
1,1,1,www.uvm.edu,2,1,1,0,0,0,/uvmtoday/community.html,1,http,1,1,1,0,0,www,0,0
1,1,1,www.uvm.edu,2,1,1,0,0,0,/~dpelkey/,2,http,1,1,1,0,0,www,0,0
1,1,1,agave.garden.org,2,1,1,0,0,0,/~aaronh/,2,http,1,1,1,0,0,agave,0,0
1,1,1,www.uvm.edu,2,1,1,0,0,0,/~learnco/,2,http,1,1,1,0,0,www,0,0
1,1,1,www.uvm.edu,2,1,1,0,0,0,/~police/,2,http,1,1,1,0,0,www,0,0
1,1,1,www.uvm.edu,2,1,1,0,0,0,/~spirit/,2,http,1,1,1,0,0,www,0,0
1,1,1,www.uvm.edu,2,1,1,0,0,0,/~counscen/,2,http,1,1,1,0,0,www,0,0
1,1,1,www.uvm.edu,2,1,1,0,0,0,/~oies/,2,http,1,1,1,0,0,www,0,0
1,1,1,www.uvm.edu,2,1,1,0,0,0,/~women/,2,http,1,1,1,0,0,www,0,0
1,1,1,www.uvm.edu,2,1,1,0,0,0,/~ccpuvm/,2,http,1,1,1,0,0,www,0,0
1,1,1,www.uvm.edu,2,1,1,0,0,0,/~lgbtqa/,2,http,1,1,1,0,0,www,0,0
1,1,1,ctl.uvm.edu,2,1,1,0,0,0,/,0,http,1,1,0,0,0,ctl,0,0
1,1,1,www.uvm.edu,2,1,1,0,0,0,/health/,2,http,1,1,1,0,0,www,0,0
1,1,1,www.uvm.edu,2,1,1,0,0,0,/~tpswww/,2,http,1,1,1,0,0,www,0,0
1,1,1,uds.uvm.edu,2,1,1,0,0,0,/,0,http,1,1,0,0,0,uds,0,0
1,1,1,www.uvm.edu,2,1,1,0,0,0,/~access/,2,http,1,1,1,0,0,www,0,0
1,1,1,www.uvm.edu,2,1,1,0,0,0,/~uvmiac/,2,http,1,1,1,0,0,www,0,0
1,1,1,www.uvm.edu,2,1,1,0,0,0,/~career,2,http,1,1,1,0,0,www,0,0
1,1,1,siri.uvm.edu,2,1,1,0,0,0,/,0,http,1,1,0,0,0,siri,0,0
1,1,1,esf.uvm.edu,2,1,1,0,0,0,/,0,http,1,1,0,0,0,esf,0,0
1,1,1,www.uvm.edu,2,1,1,0,0,0,/~wrtngctr/,2,http,1,1,1,0,0,www,0,0
1,1,1,www.vermontlaw.edu,1,1,1,0,0,0,/,0,http,1,1,0,0,0,www,0,0
1,1,1,www.vjel.org,2,1,1,0,0,0,,0,http,1,1,0,0,0,www,0,0
1,1,1,www.woodbury-college.edu,1,1,1,0,0,0,/,0,http,1,1,1,0,0,www,0,0
1,1,1,www.gwvirginia.gwu.edu,1,1,1,0,2,0,/,0,http,1,1,1,0,0,www.gwvirginia,2,0
1,1,1,www.cdu.edu,2,1,1,0,0,0,/,0,http,1,1,0,0,0,www,0,0
1,1,1,www.umtweb.edu,2,1,1,0,0,0,/,0,http,1,1,0,0,0,www,0,0
1,1,1,www.virginia529.com,1,1,1,0,0,0,/,0,http,1,1,0,0,0,www,0,0
1,1,1,www.uacp.org,2,1,1,0,0,0,,0,http,1,1,0,0,0,www,0,0
1,1,1,www.cordobauniversity.org,1,1,1,0,0,0,/,0,http,1,1,0,0,0,www,0,0
1,1,1,www.artinstitutes.edu,1,1,1,0,0,0,/arlington/,2,http,1,1,1,0,0,www,0,0
1,1,1,www.apprenticeschool.com,1,1,1,0,0,0,,0,http,1,1,0,0,0,www,0,0
1,1,1,www.gobuilders.com,1,1,1,0,0,0,/,0,http,1,1,0,0,0,www,0,0
1,1,1,www.abbc.edu,2,1,1,0,0,0,/,0,http,1,1,0,0,0,www,0,0
1,1,1,www.averett.edu,2,1,1,0,0,0,/,0,http,1,1,0,0,0,www,0,0
1,1,1,www.averettcougars.com,1,1,1,0,0,0,/,0,http,1,1,0,0,0,www,0,0
1,1,1,www.bluefield.edu,1,1,1,0,0,0,/,0,http,1,1,0,0,0,www,0,0
1,1,1,www.bluefield.edu,1,1,1,0,0,0,/templates/system/details.asp,1,http,1,1,1,0,0,www,0,1
1,1,1,www.bridgewater.edu,1,1,1,0,0,0,/,0,http,1,1,0,0,0,www,0,0
1,1,1,www.bridgewater.edu,1,1,1,0,0,0,/athletics,2,http,1,1,1,0,0,www,0,0
1,1,1,christ-college.com,1,1,1,0,0,0,/,0,http,1,1,0,0,0,,0,0
1,1,1,www.christendom.edu,1,1,1,0,0,0,,0,http,1,1,0,0,0,www,0,0
1,1,1,www.christendom.edu,1,1,1,0,0,0,/athletics/,2,http,1,1,1,0,0,www,0,0
1,1,1,www.cnu.edu,2,1,1,0,0,0,/,0,http,1,1,0,0,0,www,0,0
1,1,1,www.cnubooks.com,2,1,1,0,0,0,/,0,http,1,1,0,0,0,www,0,0
1,1,1,eebweb.arizona.edu,1,1,1,0,0,0,/faculty/hopp/vireo.html,1,http,1,1,1,0,0,eebweb,0,0
1,1,1,www.utahbirds.org,1,1,1,0,0,0,/birdsofutah/birdsl-r/plumbeousvireo.htm,1,http,1,1,1,0,0,www,0,2
1,1,1,www.greglasley.net,1,1,1,0,0,0,/gvireo.html,2,http,1,1,1,0,0,www,0,0
1,1,1,birds.cornell.edu,1,1,1,0,0,0,/bfl/speciesaccts/casvir.html,1,http,1,1,1,0,0,birds,0,0
1,1,1,www.mbr-pwrc.usgs.gov,1,1,1,0,1,0,/id/framlst/i6230id.html,1,http,1,1,1,0,0,www.mbr-pwrc,2,0
1,1,1,www.wbu.com,2,1,1,0,0,0,/chipperwoods/photos/revireo.htm,1,http,1,1,1,0,0,www,0,0
1,1,1,www.stanfordalumni.org,1,1,1,0,0,0,/birdsite/text/species/hutton's_vireo.html,1,http,1,1,1,0,0,www,0,2
1,1,1,www.mbr-pwrc.usgs.gov,1,1,1,0,1,0,/id/framlst/i6290id.html,1,http,1,1,1,0,0,www.mbr-pwrc,2,0
1,1,1,faculty.ncwc.edu,2,1,1,0,0,0,/mbrooks/pif/bird%20profiles/whiteeyed_vireo.htm,1,http,1,1,1,0,0,faculty,0,2
1,1,1,www.arthurgrosset.com,1,1,1,0,0,0,/sabirds/rufous-browed%20peppershrike.html,1,http,1,1,1,0,0,www,0,2
1,1,1,www.arthurgrosset.com,1,1,1,0,0,0,/sabirds/slaty-cappedshrike-vireo.html,1,http,1,1,1,0,0,www,0,2
1,1,1,audubon2.org,2,1,1,0,0,0,/webapp/watchlist/viewspecies.jsp,1,http,1,1,1,0,0,,0,2
1,1,1,www.mbr-pwrc.usgs.gov,1,1,1,0,1,0,/id/framlst/i6330id.html,1,http,1,1,1,0,0,www.mbr-pwrc,2,0
1,1,1,www.amonline.net.au,1,1,0,0,1,0,/factsheets/silvereye.htm,1,http,1,1,1,0,0,www,0,0
1,1,1,www.kenyabirds.org.uk,1,1,0,0,1,0,/nhs_w_eye.htm,2,http,1,1,1,0,0,www,0,0
1,1,1,www.birdlife.org,2,1,1,0,0,0,/datazone/species/index.html,1,http,1,1,1,0,0,www,0,1
1,1,1,www.nzbirds.com,2,1,1,0,0,0,/birds/tauhou.html,1,http,1,1,1,0,0,www,0,0
1,1,1,en.wikipedia.org,2,1,1,0,0,0,/wiki/estrildid_finch,1,http,1,1,1,0,0,en,0,0
1,1,1,en.wikipedia.org,2,1,1,0,0,0,/wiki/swee_waxbill,1,http,1,1,1,0,0,en,0,0
1,1,1,astorwilliam.tripod.com,1,1,1,0,0,0,/,0,http,1,1,0,0,0,astorwilliam,2,0
1,1,1,en.wikipedia.org,2,1,1,0,0,0,/wiki/muscicapidae,1,http,1,1,1,0,0,en,0,0
1,1,1,www.naturia.per.sg,1,1,0,0,1,0,/buloh/birds/copsychus_saularis.htm,1,http,1,1,1,0,0,www,0,2
1,1,1,www.birdguides.com,1,1,1,0,0,0,/species/species.asp,1,http,1,1,1,0,0,www,0,2
1,1,1,www.birdguides.com,1,1,1,0,0,0,/species/species.asp,1,http,1,1,1,0,0,www,0,2
1,1,1,www.birdguides.com,1,1,1,0,0,0,/species/species.asp,1,http,1,1,1,0,0,www,0,2
1,1,1,www.birdguides.com,1,1,1,0,0,0,/species/species.asp,1,http,1,1,1,0,0,www,0,2
1,1,1,ibc.hbw.com,2,1,1,0,0,0,/ibc/phtml/familia.phtml,1,http,1,1,1,0,0,ibc,0,2
1,1,1,en.wikipedia.org,2,1,1,0,0,0,/wiki/pycnonotidae,1,http,1,1,1,0,0,en,0,0
1,1,1,www.naturia.per.sg,1,1,0,0,1,0,/buloh/birds/pycnonotus_goiavier.htm,1,http,1,1,1,0,0,www,0,2
1,1,1,www.birdlife.org,2,1,1,0,0,0,/datazone/species/index.html,1,http,1,1,1,0,0,www,0,1
1,1,1,www.birdlife.org,2,1,1,0,0,0,/datazone/species/index.html,1,http,1,1,1,0,0,www,0,1
1,1,1,www.birdlife.org,2,1,1,0,0,0,/datazone/species/index.html,1,http,1,1,1,0,0,www,0,1
1,1,1,en.wikipedia.org,2,1,1,0,0,0,/wiki/cisticolidae,1,http,1,1,1,0,0,en,0,0
1,1,1,www.naturia.per.sg,1,1,0,0,1,0,/buloh/birds/prinia_flaviventris.htm,1,http,1,1,1,0,0,www,0,2
1,1,1,en.wikipedia.org,2,1,1,0,0,0,/wiki/nectarinidae,1,http,1,1,1,0,0,en,0,0
1,1,1,www.naturia.per.sg,1,1,0,0,1,0,/buloh/birds/nectarina_calcosthetha.htm,1,http,1,1,1,0,0,www,0,2
1,1,1,www.naturia.per.sg,1,1,0,0,1,0,/buloh/birds/nectarina_jugularis.htm,1,http,1,1,1,0,0,www,0,2
1,1,1,home1.gte.net,2,1,1,0,0,0,/dgl1/pelican.html,1,http,1,1,1,0,0,home1,0,0
1,1,1,raysweb.net,2,1,1,0,0,0,/specialplaces/pages/pelican.html,1,http,1,1,1,0,0,,0,0
1,1,1,animaldiversity.ummz.umich.edu,1,1,1,0,1,0,/site/accounts/information/pelecanus_erythrorhynchos.html,1,http,1,1,1,0,0,animaldiversity.ummz,1,1
1,1,1,animaldiversity.ummz.umich.edu,1,1,1,0,1,0,/site/accounts/information/pelecanus_occidentalis.html,1,http,1,1,1,0,0,animaldiversity.ummz,1,1
1,1,1,www.kenyabirds.org.uk,1,1,0,0,1,0,/gw_pelican.htm,1,http,1,1,1,0,0,www,0,0
1,1,1,www.kenyabirds.org.uk,1,1,0,0,1,0,/pb_pelican.htm,1,http,1,1,1,0,0,www,0,0
1,1,1,migratorybirds.fws.gov,1,1,1,0,0,0,/issues/cormorant/greatlakes_q&amp,1,http,1,1,1,0,0,migratorybirds,2,2
1,1,1,web.tiscali.it,2,1,0,0,0,0,/sv2001/,2,http,1,1,1,0,0,web,0,0
1,1,1,nzbirds.com,2,1,1,0,0,0,/birds/kawau.html,1,http,1,1,1,0,0,,0,0
1,1,1,www.coldwaterimages.com,1,1,1,0,0,0,/brandt_s_cormorant.html,1,http,1,1,1,0,0,www,0,2
1,1,1,www.kenyabirds.org.uk,1,1,0,0,1,0,/great_cormorant.htm,1,http,1,1,1,0,0,www,0,0
1,1,1,www.kenyabirds.org.uk,1,1,0,0,1,0,/cormorant-lt.htm,1,http,1,1,1,0,0,www,0,0
1,1,1,animaldiversity.ummz.umich.edu,1,1,1,0,1,0,/site/accounts/information/sula_nebouxii.html,1,http,1,1,1,0,0,animaldiversity.ummz,1,1
1,1,1,bioweb.uwlax.edu,2,1,1,0,0,0,/bio203/s2008/kops_aman/,1,http,1,1,1,0,0,bioweb,0,0
1,1,1,www.fws.gov,2,1,1,0,0,0,/midway/mabo.html,1,http,1,1,1,0,0,www,0,0
1,1,1,en.wikipedia.org,2,1,1,0,0,0,/wiki/sula_(bird),1,http,1,1,1,0,0,en,0,0
1,1,1,www.fws.gov,2,1,1,0,0,0,/midway/brbo.html,1,http,1,1,1,0,0,www,0,0
1,1,1,www.fws.gov,2,1,1,0,0,0,/midway/rfbo.html,1,http,1,1,1,0,0,www,0,0
1,1,1,www.nzbirds.com,2,1,1,0,0,0,/birds/takapu.html,1,http,1,1,1,0,0,www,0,0
1,1,1,en.wikipedia.org,2,1,1,0,0,0,/wiki/darter,2,http,1,1,1,0,0,en,0,0
1,1,1,www.kenyabirds.org.uk,1,1,0,0,1,0,/darter.htm,2,http,1,1,1,0,0,www,0,0
1,1,1,ibc.hbw.com,2,1,1,0,0,0,/ibc/phtml/familia.phtml,1,http,1,1,1,0,0,ibc,0,2
1,1,1,www.thebigzoo.com,1,1,1,0,0,0,/animals/lesser_flamingo.asp,1,http,1,1,1,0,0,www,0,0
1,1,1,www.geocities.com,1,1,1,0,0,0,/flamingo22701/flamingo_mania,1,http,1,1,1,0,0,www,0,0
1,1,1,www.geocities.com,1,1,1,0,0,0,/petsburgh/1975/flamingo.html,1,http,1,1,1,0,0,www,0,0
1,1,1,animaldiversity.ummz.umich.edu,1,1,1,0,1,0,/site/accounts/information/phoenicopterus_ruber.html,1,http,1,1,1,0,0,animaldiversity.ummz,1,1
1,1,1,www.mbr-pwrc.usgs.gov,1,1,1,0,1,0,/id/framlst/i1820id.html,1,http,1,1,1,0,0,www.mbr-pwrc,2,0
1,1,1,animals.about.com,1,1,1,0,0,0,/od/birds/p/greaterflamingo.htm,1,http,1,1,1,0,0,animals,0,2
1,1,1,www.stanford.edu,2,1,1,0,0,0,/group/stanfordbirds/text/essays/flamingo_feeding.html,1,http,1,1,1,0,0,www,0,1
1,1,1,bioweb.uwlax.edu,2,1,1,0,0,0,/bio203/s2007/greaney_megh,1,http,1,1,1,0,0,bioweb,0,0
1,1,1,www.kenyabirds.org.uk,1,1,0,0,1,0,/flamingo_g.htm,1,http,1,1,1,0,0,www,0,0
1,1,1,www.kenyabirds.org.uk,1,1,0,0,1,0,/flamingo_l.htm,1,http,1,1,1,0,0,www,0,0
1,1,1,www.bbc.co.uk,2,1,0,0,1,0,/nature/wildfacts/factfiles/3104.shtml,1,http,1,1,1,0,0,www,0,2
1,1,1,www.montereybay.com,1,1,1,0,0,0,/creagrus/woodpeckers.html,1,http,1,1,1,0,0,www,0,0
1,1,1,montereybay.com,2,1,1,0,0,0,/creagrus/barbets.html,1,http,1,1,1,0,0,,0,0
1,1,1,montereybay.com,2,1,1,0,0,0,/creagrus/asian_barbets.html,1,http,1,1,1,0,0,,0,0
1,1,1,montereybay.com,2,1,1,0,0,0,/creagrus/african_barbets.html,1,http,1,1,1,0,0,,0,0
1,1,1,animaldiversity.ummz.umich.edu,1,1,1,0,1,0,/site/accounts/classification/piciformes.html,1,http,1,1,1,0,0,animaldiversity.ummz,1,1
1,1,1,pelotes.jea.com,2,1,1,0,0,0,/animalfact/birds/woodpeck.htm,1,http,1,1,1,0,0,pelotes,0,0
1,1,1,www.kenyabirds.org.uk,1,1,0,0,1,0,/barbet-wh.htm,2,http,1,1,1,0,0,www,0,0
1,1,1,www.kenyabirds.org.uk,1,1,0,0,1,0,/ry_barbet.htm,2,http,1,1,1,0,0,www,0,0
1,1,1,www.honoluluzoo.org,1,1,1,0,0,0,/red_and_yellow_barbet.htm,1,http,1,1,1,0,0,www,0,0
1,1,1,www.kenyabirds.org.uk,1,1,0,0,1,0,/d_barbet.htm,2,http,1,1,1,0,0,www,0,0
1,1,1,www.kenyabirds.org.uk,1,1,0,0,1,0,/tinker-rf.htm,2,http,1,1,1,0,0,www,0,0
1,1,1,www.kenyabirds.org.uk,1,1,0,0,1,0,/nubian_wp.htm,2,http,1,1,1,0,0,www,0,0
1,1,1,www.juliezickefoose.com,1,1,1,0,0,0,/articles/ivory_billed_wp.html,1,http,1,1,1,0,0,www,0,2
1,1,1,www.museum.lsu.edu,1,1,1,0,1,0,/~remsen/ibw.html,1,http,1,1,1,0,0,www.museum,2,0
1,1,1,www.rainforestconservation.org,1,1,1,0,0,0,/data_sheets/birds/cc_woodpecker.html,1,http,1,1,1,0,0,www,0,2
1,1,1,animaldiversity.ummz.umich.edu,1,1,1,0,1,0,/site/accounts/sounds/campephilus_guatemalensis.html,1,http,1,1,1,0,0,animaldiversity.ummz,1,1
1,1,1,www.npr.org,2,1,1,0,0,0,/templates/story/story.php,1,http,1,1,1,0,0,www,0,2
1,1,1,www.sciencemag.org,1,1,1,0,0,0,/cgi/content/abstract/1114103,1,http,1,1,1,0,0,www,0,2
1,1,1,www.corante.com,2,1,1,0,0,0,/loom/archives/2005/04/28/reports_of_my_extinction_are_greatly_exaggerated.php,1,http,1,1,1,0,0,www,0,1
1,1,1,www.nature.org,2,1,1,0,0,0,/ivorybill/,2,http,1,1,1,0,0,www,0,0
1,1,1,www.ivorybill.org,1,1,1,0,0,0,/,0,http,1,1,0,0,0,www,0,0
1,1,1,www.fws.gov,2,1,1,0,0,0,/ivorybill/,2,http,1,1,1,0,0,www,0,0
1,1,1,www.ivorybills.blogspot.com,1,1,1,0,2,0,/,0,http,1,1,1,0,0,www.ivorybills,2,0
1,1,1,www.ibwo.org,2,1,1,0,0,0,/,0,http,1,1,0,0,0,www,0,0
1,1,1,www.ivory-bill-woodpecker.com,1,1,1,0,0,0,/,0,http,1,1,1,0,0,www,0,0
1,1,1,www.birds.cornell.edu,1,1,1,0,2,0,/ivory/,2,http,1,1,1,0,0,www.birds,0,0
1,1,1,web2.uwindsor.ca,2,1,1,0,0,0,/courses/biology/dmennill/ibwo/ibwoindex.php,1,http,1,1,1,0,0,web2,0,2
1,1,1,www.avesphoto.com,1,1,1,0,0,0,/website/na/species/flkgil-1.htm,1,http,1,1,1,0,0,www,0,2
1,1,1,www.nenature.com,2,1,1,0,0,0,/northernflicker.htm,1,http,1,1,1,0,0,www,0,0
1,1,1,www.mbr-pwrc.usgs.gov,1,1,1,0,1,0,/id/framlst/i4140id.html,1,http,1,1,1,0,0,www.mbr-pwrc,2,0
1,1,1,www.mbr-pwrc.usgs.gov,1,1,1,0,1,0,/id/framlst/i4050id.html,1,http,1,1,1,0,0,www.mbr-pwrc,2,0
1,1,1,www.mangoverde.com,1,1,1,0,0,0,/birdsound/spec/spec104-167.html,1,http,1,1,1,0,0,www,0,2
1,1,1,www.nenature.com,2,1,1,0,0,0,/pileatedwoodpecker.htm,1,http,1,1,1,0,0,www,0,0
1,1,1,www.pileatedwoodpeckercentral.com,1,1,1,0,0,0,/,0,http,1,1,0,0,0,www,0,0
1,1,1,birds.cornell.edu,1,1,1,0,0,0,/bfl/speciesaccts/lewwoo.html,1,http,1,1,1,0,0,birds,0,0
1,1,1,www.focusonnature.com,1,1,1,0,0,0,/puertoricanwoodpecker.htm,1,http,1,1,1,0,0,www,0,2
1,1,1,www.landiss.com,2,1,1,0,0,0,/woodpecker.htm,1,http,1,1,1,0,0,www,0,0
1,1,1,www.mbr-pwrc.usgs.gov,1,1,1,0,1,0,/id/framlst/i4110id.html,1,http,1,1,1,0,0,www.mbr-pwrc,2,0
1,1,1,www.birdphotography.com,1,1,1,0,0,0,/species/giwo.html,1,http,1,1,1,0,0,www,0,0
1,1,1,www.birdsofoklahoma.net,1,1,1,0,0,0,/gfwoodpecker.htm,1,http,1,1,1,0,0,www,0,0
1,1,1,www.arthurgrosset.com,1,1,1,0,0,0,/sabirds/whitewoodpecker.html,1,http,1,1,1,0,0,www,0,2
1,1,1,www.nenature.com,2,1,1,0,0,0,/redheadedwoodpecker.htm,1,http,1,1,1,0,0,www,0,0
1,1,1,www.nenature.com,2,1,1,0,0,0,/redbelliedwoodpecker.htm,1,http,1,1,1,0,0,www,0,0
1,1,1,animaldiversity.ummz.umich.edu,1,1,1,0,1,0,/site/accounts/information/melanerpes_formicivorus.html,1,http,1,1,1,0,0,animaldiversity.ummz,1,1
1,1,1,www.birding.com,2,1,1,0,0,0,/topbirds/572aw.asp,1,http,1,1,1,0,0,www,0,0
1,1,1,www.birds.cornell.edu,1,1,1,0,1,0,/allaboutbirds/birdguide/red-bellied_woodpecker_dtl.html,1,http,1,1,1,0,0,www.birds,0,1
1,1,1,www.birds.cornell.edu,1,1,1,0,1,0,/allaboutbirds/birdguide/red-headed_woodpecker.html,1,http,1,1,1,0,0,www.birds,0,1
1,1,1,www.squirrelhouse.com,1,1,1,0,0,0,/enter/birds/index.html,1,http,1,1,1,0,0,www,0,0
1,1,1,rcwrecovery.fws.gov,1,1,1,0,0,0,/,0,http,1,1,0,0,0,rcwrecovery,2,0
1,1,1,www.wbu.com,2,1,1,0,0,0,/chipperwoods/photos/downy.htm,1,http,1,1,1,0,0,www,0,0
1,1,1,www.mbr-pwrc.usgs.gov,1,1,1,0,1,0,/id/framlst/i3970id.html,1,http,1,1,1,0,0,www.mbr-pwrc,2,0
1,1,1,www.mbr-pwrc.usgs.gov,1,1,1,0,1,0,/id/framlst/i3960id.html,1,http,1,1,1,0,0,www.mbr-pwrc,2,0
1,1,1,www.wbu.com,2,1,1,0,0,0,/chipperwoods/photos/hwood.htm,1,http,1,1,1,0,0,www,0,0
1,1,1,www.mbr-pwrc.usgs.gov,1,1,1,0,1,0,/id/framlst/i3980id.html,1,http,1,1,1,0,0,www.mbr-pwrc,2,0
1,1,1,www.mbr-pwrc.usgs.gov,1,1,1,0,1,0,/id/framlst/i4010id.html,1,http,1,1,1,0,0,www.mbr-pwrc,2,0
1,1,1,www.birdnature.com,1,1,1,0,0,0,/bb3tw.html,2,http,1,1,1,0,0,www,0,0
1,1,1,www.nenature.com,2,1,1,0,0,0,/downywoodpecker.htm,1,http,1,1,1,0,0,www,0,0
1,1,1,www.nenature.com,2,1,1,0,0,0,/hairywoodpecker.htm,1,http,1,1,1,0,0,www,0,0
1,1,1,birds.cornell.edu,1,1,1,0,0,0,/bfl/speciesaccts/ariwoo.html,1,http,1,1,1,0,0,birds,0,0
1,1,1,animaldiversity.ummz.umich.edu,1,1,1,0,1,0,/site/accounts/information/picoides_scalaris.html,1,http,1,1,1,0,0,animaldiversity.ummz,1,1
1,1,1,www.woodpeckersofeurope.info,1,1,0,0,0,0,/,0,http,1,1,0,0,0,www,0,0
1,1,1,www.birds.cornell.edu,1,1,1,0,1,0,/allaboutbirds/birdguide/nuttalls_woodpecker_dtl.html,1,http,1,1,1,0,0,www.birds,0,1
1,1,1,biology.mhc.edu,2,1,1,0,0,0,/ybsa/,2,http,1,1,1,0,0,biology,0,0
1,1,1,imnh.isu.edu,2,1,1,0,0,0,/digitalatlas/bio/birds/wdpkrs/rnsa/rnsa_mai.htm,1,http,1,1,1,0,0,imnh,0,2
1,1,1,www.stanfordalumni.org,1,1,1,0,0,0,/birdsite/text/species/red-breasted_sapsucker.html,1,http,1,1,1,0,0,www,0,1
1,1,1,www.birdphotography.com,1,1,1,0,0,0,/species/rbsa.html,1,http,1,1,1,0,0,www,0,0
1,1,1,www.mbr-pwrc.usgs.gov,1,1,1,0,1,0,/id/framlst/i4021id.html,1,http,1,1,1,0,0,www.mbr-pwrc,2,0
1,1,1,www.nenature.com,2,1,1,0,0,0,/yellowbelliedsapsucker.htm,1,http,1,1,1,0,0,www,0,0
1,1,1,imnh.isu.edu,2,1,1,0,0,0,/digitalatlas/bio/birds/wdpkrs/wisa/wisa_mai.htm,1,http,1,1,1,0,0,imnh,0,2
1,1,1,www.birds.cornell.edu,1,1,1,0,1,0,/allaboutbirds/birdguide/yellow-bellied_sapsucker.html,1,http,1,1,1,0,0,www.birds,0,1
1,1,1,bioweb.uwlax.edu,2,1,1,0,0,0,/bio203/s2008/todd_ange/,1,http,1,1,1,0,0,bioweb,0,0
1,1,1,www.kenyabirds.org.uk,1,1,0,0,1,0,/barb-bt.htm,2,http,1,1,1,0,0,www,0,0
1,1,1,www.kenyabirds.org.uk,1,1,0,0,1,0,/barb-sf.htm,2,http,1,1,1,0,0,www,0,0
1,1,1,www.kenyabirds.org.uk,1,1,0,0,1,0,/barb-rf.htm,2,http,1,1,1,0,0,www,0,0
1,1,1,www.mbr-pwrc.usgs.gov,1,1,1,0,1,0,/id/framlst/i0011id.html,1,http,1,1,1,0,0,www.mbr-pwrc,2,0
1,1,1,www.dnr.state.wi.us,1,1,0,0,1,0,/org/land/er/factsheets/birds/rdnkgr.htm,1,http,1,1,1,0,0,www.dnr,0,2
1,1,1,www.nenature.com,2,1,1,0,0,0,/piedbilledgrebe.htm,1,http,1,1,1,0,0,www,0,0
1,1,1,www.npwrc.usgs.gov,1,1,1,0,1,0,/resource/birds/forest/species/podinigr.htm,1,http,1,1,1,0,0,www.npwrc,0,2
1,1,1,www.npwrc.usgs.gov,1,1,1,0,1,0,/resource/birds/forest/species/podipodi.htm,1,http,1,1,1,0,0,www.npwrc,0,2
1,1,1,www.neseabirds.com,1,1,1,0,0,0,/sheargreat.htm,1,http,1,1,1,0,0,www,0,0
1,1,1,www.neseabirds.com,1,1,1,0,0,0,/shearcory.htm,2,http,1,1,1,0,0,www,0,0
1,1,1,www.neseabirds.com,1,1,1,0,0,0,/shearwatermanx.htm,1,http,1,1,1,0,0,www,0,0
1,1,1,www.neseabirds.com,1,1,1,0,0,0,/shearwateraudubon.htm,1,http,1,1,1,0,0,www,0,0
1,1,1,www.avesphoto.com,1,1,1,0,0,0,/website/na/species/shwlit-1.htm,1,http,1,1,1,0,0,www,0,2
1,1,1,www.austmus.gov.au,1,1,0,0,1,0,/factsheets/wandering_albatross.htm,1,http,1,1,1,0,0,www,0,2
1,1,1,www.shearwaterjourneys.com,1,1,1,0,0,0,/shyalbatross.html,1,http,1,1,1,0,0,www,0,0
1,1,1,www.neseabirds.com,1,1,1,0,0,0,/stormpwsp.htm,2,http,1,1,1,0,0,www,0,0
1,1,1,www.neseabirds.com,1,1,1,0,0,0,/stormpetrelwf.htm,1,http,1,1,1,0,0,www,0,0
1,1,1,www.seabirding.com,1,1,1,0,0,0,/bpiimage.htm,2,http,1,1,1,0,0,www,0,0
1,1,1,www.oceanwanderers.com,1,1,1,0,0,0,/bermudapet.html,1,http,1,1,1,0,0,www,0,0
1,1,1,www.borealforest.org,1,1,1,0,0,0,/world/birds/short_tailed_shearwater.htm,1,http,1,1,1,0,0,www,0,2
1,1,1,nzbirds.com,2,1,1,0,0,0,/birds/bluepetrel.html,1,http,1,1,1,0,0,,0,0
1,1,1,www.avesphoto.com,1,1,1,0,0,0,/website/na/species/petbcp-2.htm,1,http,1,1,1,0,0,www,0,2
1,1,1,www.mbr-pwrc.usgs.gov,1,1,1,0,1,0,/id/framlst/i1090id.html,1,http,1,1,1,0,0,www.mbr-pwrc,2,0
1,1,1,www.birdguides.com,1,1,1,0,0,0,/species/species.asp,1,http,1,1,1,0,0,www,0,2
1,1,1,nzbirds.com,2,1,1,0,0,0,/birds/titi.html,1,http,1,1,1,0,0,,0,0
1,1,1,www.falklandsconservation.com,1,1,1,0,0,0,/wildlife/albatross/black-browed-albatross.html,1,http,1,1,1,0,0,www,0,1
1,1,1,www.falklandsconservation.com,1,1,1,0,0,0,/wildlife/albatross/southern-giant-petrel.html,1,http,1,1,1,0,0,www,0,1
1,1,1,www.falklandsconservation.com,1,1,1,0,0,0,/wildlife/albatross/white-chinned-petrel.html,1,http,1,1,1,0,0,www,0,1
1,1,1,www.parrotsinternational.org,1,1,1,0,0,0,/,0,http,1,1,0,0,0,www,0,0
1,1,1,www.netpets.com,2,1,1,0,0,0,/birds/reference/lafeber/8/incredible_beak.html,1,http,1,1,1,0,0,www,0,2
1,1,1,www.freeparrots.net,1,1,1,0,0,0,,0,http,1,1,0,0,0,www,0,0
1,1,1,hatchedtoflyfree.org,1,1,1,0,0,0,/,0,http,1,1,0,0,0,,0,0
1,1,1,vtpb-www2.cvm.tamu.edu,1,1,1,0,2,0,/brightsmith/,2,http,1,1,1,0,0,vtpb-www2.cvm,2,0
1,1,1,www.cityparrots.org,1,1,1,0,0,0,/,0,http,1,1,0,0,0,www,0,0
1,1,1,www.nzbirds.com,2,1,1,0,0,0,/birds/sulphurcrested.html,1,http,1,1,1,0,0,www,0,0
1,1,1,papagaio2000.sites.uol.com.br,1,1,0,0,1,0,/indexing.htm,2,http,1,1,1,0,0,papagaio2000.sites,1,0
1,1,1,www.nepa.gov.jm,2,1,0,0,1,0,/yourenv/biodiversity/species/black_billed.htm,1,http,1,1,1,0,0,www,0,2
1,1,1,www.avesphoto.com,1,1,1,0,0,0,/website/na/species/parrcr-1.htm,1,http,1,1,1,0,0,www,0,2
1,1,1,www.oaklandzoo.org,1,1,1,0,0,0,/meet_the_animals/yellow-naped-amazon-parrot*,1,http,1,1,1,0,0,www,0,2
1,1,1,www.greatgreenmacaw.org,1,1,1,0,0,0,/,0,http,1,1,0,0,0,www,0,0
1,1,1,hatchedtoflyfree.homestead.com,1,1,1,0,0,0,/,0,http,1,1,0,0,0,hatchedtoflyfree,2,0
1,1,1,www.bluemacaws.org,1,1,1,0,0,0,/,0,http,1,1,0,0,0,www,0,0
1,1,1,freespace.virgin.net,1,1,1,0,0,0,/susan.armitage/macaws.htm,1,http,1,1,1,0,0,freespace,0,0
1,1,1,www.macawlanding.org,1,1,1,0,0,0,/,0,http,1,1,0,0,0,www,0,0
1,1,1,vtpb-www2.cvm.tamu.edu,1,1,1,0,2,0,/brightsmith/,2,http,1,1,1,0,0,vtpb-www2.cvm,2,0
1,1,1,www.nzbirds.com,2,1,1,0,0,0,/birds/kakarikiyellow.html,1,http,1,1,1,0,0,www,0,0
1,1,1,nzbirds.com,2,1,1,0,0,0,/birds/antipodesparakeet.html,1,http,1,1,1,0,0,,0,0
1,1,1,animaldiversity.ummz.umich.edu,1,1,1,0,1,0,/site/accounts/information/nestor_notabilis.html,1,http,1,1,1,0,0,animaldiversity.ummz,1,1
1,1,1,www.nzbirds.com,2,1,1,0,0,0,/birds/kea.html,1,http,1,1,1,0,0,www,0,0
1,1,1,nzbirds.com,2,1,1,0,0,0,/birds/kaka.html,1,http,1,1,1,0,0,,0,0
1,1,1,haryana-online.com,1,1,1,0,0,0,/fauna/birds/alexandrine_parakeet.htm,1,http,1,1,1,0,0,,0,2
1,1,1,www.birdlife.org,2,1,1,0,0,0,/datazone/species/index.html,1,http,1,1,1,0,0,www,0,1
1,1,1,www.kakapo.net,2,1,1,0,0,0,/,0,http,1,1,0,0,0,www,0,0
1,1,1,en.wikipedia.org,2,1,1,0,0,0,/wiki/kakapo,2,http,1,1,1,0,0,en,0,0
1,1,1,nzbirds.com,2,1,1,0,0,0,/birds/kakapo.html,1,http,1,1,1,0,0,,0,0
1,1,1,www.kakaporecovery.org.nz,1,1,0,0,2,0,/,0,http,1,1,1,0,1,www,0,0
1,1,1,bioweb.uwlax.edu,2,1,1,0,0,0,/bio203/s2008/runde_sama/,1,http,1,1,1,0,0,bioweb,0,0
1,1,1,www.kenyabirds.org.uk,1,1,0,0,1,0,/parrot-ob.htm,2,http,1,1,1,0,0,www,0,0
1,1,1,www.wingscentral.org,1,1,1,0,0,0,/aps/faqcapes.aspx,1,http,1,1,1,0,0,www,0,0
1,1,1,www.wingscc.com,2,1,1,0,0,0,/aps/poicep.htm,1,http,1,1,1,0,0,www,0,0
1,1,1,www.seabirds.org,2,1,1,0,0,0,/penguins.htm,2,http,1,1,1,0,0,www,0,0
1,1,1,www.penguin.net.nz,1,1,0,0,2,0,/,0,http,1,1,1,0,1,www,0,0
1,1,1,www.bluemoon.net,2,1,1,0,0,0,/~opus/nframe/penguin.html,1,http,1,1,1,0,0,www,0,0
1,1,1,octopus.gma.org,2,1,1,0,0,0,/surfing/antarctica/penguin.html,1,http,1,1,1,0,0,octopus,0,2
1,1,1,www.antarcticconnection.com,1,1,1,0,0,0,/antarctic/wildlife/penguins/index.shtml,1,http,1,1,1,0,0,www,0,2
1,1,1,www.penguins.cl,2,1,0,0,0,0,/,0,http,1,1,0,0,0,www,0,0
1,1,1,www.falklands.net,1,1,1,0,0,0,/,0,http,1,1,0,0,0,www,0,0
1,1,1,englishnf.pinguins.info,1,1,0,0,0,0,/,0,http,1,1,0,0,0,englishnf,0,0
1,1,1,www.gdargaud.net,2,1,1,0,0,0,/antarctica/penguins.html,1,http,1,1,1,0,0,www,0,0
1,1,1,www.adelie.pwp.blueyonder.co.uk,1,1,0,0,1,0,/,0,http,1,1,1,0,1,www.adelie.pwp,2,0
